,,-1,-1,[{packageName=com.android.cts.priv.ctsshim,,-1,-1,,20190625,0
,,-1,-1,[{packageName=com.android.cts.priv.ctsshim,,-1,-1,,20190625,1
,,-1,-1,[{packageName=com.mediatek.gba,,-1,-1,,20190625,2
,,-1,-1,[{packageName=com.android.cts.priv.ctsshim,,-1,-1,,20190625,3
,,-1,-1,[{packageName=com.android.cts.priv.ctsshim,,-1,-1,,20190625,4
,,-1,-1,[{packageName=com.android.cts.priv.ctsshim,,-1,-1,,20190625,5
,,-1,-1,[{packageName=com.qiku.blackmagic,,-1,-1,,20190625,6
,,-1,-1,[{packageName=com.huawei.camera,,-1,-1,,20190625,7
,,-1,-1,[{packageName=com.vivo.weather.provider,,-1,-1,,20190625,8
,,-1,-1,[{packageName=com.android.cts.priv.ctsshim,,-1,-1,,20190625,9
,,-1,-1,[{packageName=com.android.cts.priv.ctsshim,,-1,-1,,20190625,10
,,-1,-1,[{packageName=com.vivo.livewallpaper.silk,,-1,-1,,20190625,11
,,-1,-1,[{packageName=com.android.cts.priv.ctsshim,,-1,-1,,20190625,12
,,-1,-1,[{packageName=com.android.cts.priv.ctsshim,,-1,-1,,20190625,13
,,-1,-1,[{packageName=com.android.cts.priv.ctsshim,,-1,-1,,20190625,14
,,-1,-1,[{packageName=com.android.cts.priv.ctsshim,,-1,-1,,20190625,15
,,-1,-1,[{packageName=com.android.cts.priv.ctsshim,,-1,-1,,20190625,16
,,-1,-1,[{packageName=com.android.cts.priv.ctsshim,,-1,-1,,20190625,17
,,-1,-1,[{packageName=com.mediatek.gba,,-1,-1,,20190625,18
,,-1,-1,[{packageName=com.miui.screenrecorder},,-1,-1,,20190625,19
,,-1,-1,[{packageName=com.android.cts.priv.ctsshim,,-1,-1,,20190625,20
,,-1,-1,[{packageName=com.android.cts.priv.ctsshim,,-1,-1,,20190625,21
,,-1,-1,[{packageName=com.android.fmradio,,-1,-1,,20190625,22
,,-1,-1,[{packageName=com.vivo.weather.provider,,-1,-1,,20190625,23
,,-1,-1,[{packageName=com.android.cts.priv.ctsshim,,-1,-1,,20190625,24
,,-1,-1,[{packageName=com.android.cts.priv.ctsshim,,-1,-1,,20190625,25
,,-1,-1,[{packageName=com.android.fmradio,,-1,-1,,20190625,26
,,-1,-1,[{packageName=com.android.cts.priv.ctsshim,,-1,-1,,20190625,27
,,-1,-1,[{packageName=com.android.cts.priv.ctsshim,,-1,-1,,20190625,28
,,-1,-1,[{packageName=com.android.cts.priv.ctsshim,,-1,-1,,20190625,29
,,-1,-1,[{packageName=com.android.cts.priv.ctsshim,,-1,-1,,20190625,30
,,-1,-1,[{packageName=com.flyme.roamingpay,,-1,-1,,20190625,31
,,-1,-1,[{packageName=com.android.fmradio,,-1,-1,,20190625,32
,,-1,-1,[{packageName=com.mediatek.gba,,-1,-1,,20190625,33
,,-1,-1,[{packageName=com.android.cts.priv.ctsshim,,-1,-1,,20190625,34
,,-1,-1,[{packageName=com.android.cts.priv.ctsshim,,-1,-1,,20190625,35
,,-1,-1,[{packageName=com.android.cts.priv.ctsshim,,-1,-1,,20190625,36
,,-1,-1,[{packageName=com.android.cts.priv.ctsshim,,-1,-1,,20190625,37
,,-1,-1,[{packageName=com.android.cts.priv.ctsshim,,-1,-1,,20190625,38
,,-1,-1,[{packageName=com.android.cts.priv.ctsshim,,-1,-1,,20190625,39
,,-1,-1,[{packageName=com.android.cts.priv.ctsshim,,-1,-1,,20190625,40
,,-1,-1,[{packageName=com.android.cts.priv.ctsshim,,-1,-1,,20190625,41
,,-1,-1,[{packageName=com.android.cts.priv.ctsshim,,-1,-1,,20190625,42
,,-1,-1,[{packageName=com.android.cts.priv.ctsshim,,-1,-1,,20190625,43
,,-1,-1,[{packageName=com.android.cts.priv.ctsshim,,-1,-1,,20190625,44
,,-1,-1,[{packageName=com.android.cts.priv.ctsshim,,-1,-1,,20190625,45
,,-1,-1,[{packageName=com.android.cts.priv.ctsshim,,-1,-1,,20190625,46
,,-1,-1,[{packageName=com.android.cts.priv.ctsshim,,-1,-1,,20190625,47
,,-1,-1,[{packageName=com.android.cts.priv.ctsshim,,-1,-1,,20190625,48
,,-1,-1,[{packageName=com.android.cts.priv.ctsshim,,-1,-1,,20190625,49
,,-1,-1,[{packageName=com.android.cts.priv.ctsshim,,-1,-1,,20190625,50
,,-1,-1,[{packageName=com.android.cts.priv.ctsshim,,-1,-1,,20190625,51
,,-1,-1,[{packageName=com.android.cts.priv.ctsshim,,-1,-1,,20190625,52
,,-1,-1,[{packageName=com.android.cts.priv.ctsshim,,-1,-1,,20190625,53
,,-1,-1,[{packageName=com.factory.mmigroup,,-1,-1,,20190625,54
,,-1,-1,[{packageName=com.android.cts.priv.ctsshim,,-1,-1,,20190625,55
,,-1,-1,[{packageName=com.android.cts.priv.ctsshim,,-1,-1,,20190625,56
,,-1,-1,[{packageName=com.android.cts.priv.ctsshim,,-1,-1,,20190625,57
,,-1,-1,[{packageName=com.android.cts.priv.ctsshim,,-1,-1,,20190625,58
,,-1,-1,[{packageName=com.android.cts.priv.ctsshim,,-1,-1,,20190625,59
,,-1,-1,[{packageName=com.android.cts.priv.ctsshim,,-1,-1,,20190625,60
,,-1,-1,[{packageName=com.android.cts.priv.ctsshim,,-1,-1,,20190625,61
,,-1,-1,[{packageName=com.mediatek.gba,,-1,-1,,20190625,62
,,-1,-1,[{packageName=com.android.cts.priv.ctsshim,,-1,-1,,20190625,63
,,-1,-1,[{packageName=com.android.cts.priv.ctsshim,,-1,-1,,20190625,64
,,-1,-1,[{packageName=com.miui.translation.kingsoft,,-1,-1,,20190625,65
,,-1,-1,[{packageName=com.android.cts.priv.ctsshim,,-1,-1,,20190625,66
,,-1,-1,[{packageName=com.android.cts.priv.ctsshim,,-1,-1,,20190625,67
,,-1,-1,[{packageName=com.android.cts.priv.ctsshim,,-1,-1,,20190625,68
,,-1,-1,[{packageName=com.coloros.backuprestore,,-1,-1,,20190625,69
,,-1,-1,[{packageName=com.android.cts.priv.ctsshim,,-1,-1,,20190625,70
,,-1,-1,[{packageName=com.android.cts.priv.ctsshim,,-1,-1,,20190625,71
,,-1,-1,[{packageName=com.coloros.backuprestore,,-1,-1,,20190625,72
,,-1,-1,[{packageName=com.android.cts.priv.ctsshim,,-1,-1,,20190625,73
,,-1,-1,[{packageName=com.android.cts.priv.ctsshim,,-1,-1,,20190625,74
,,-1,-1,[{packageName=com.android.cts.priv.ctsshim,,-1,-1,,20190625,75
,,-1,-1,[{packageName=com.android.cts.priv.ctsshim,,-1,-1,,20190625,76
,,-1,-1,[{packageName=com.miui.screenrecorder,,-1,-1,,20190625,77
,,-1,-1,[{packageName=com.coloros.backuprestore,,-1,-1,,20190625,78
,,-1,-1,[{packageName=com.android.cts.priv.ctsshim,,-1,-1,,20190625,79
,,-1,-1,[{packageName=com.coloros.backuprestore,,-1,-1,,20190625,80
,,-1,-1,[{packageName=com.android.cts.priv.ctsshim,,-1,-1,,20190625,81
,,-1,-1,[{packageName=com.android.cts.priv.ctsshim,,-1,-1,,20190625,82
,,-1,-1,[{packageName=com.android.cts.priv.ctsshim,,-1,-1,,20190625,83
,,-1,-1,[{packageName=com.android.cts.priv.ctsshim,,-1,-1,,20190625,84
,,-1,-1,[{packageName=com.android.cts.priv.ctsshim,,-1,-1,,20190625,85
,,-1,-1,[{packageName=com.android.cts.priv.ctsshim,,-1,-1,,20190625,86
,,-1,-1,[{packageName=com.android.cts.priv.ctsshim,,-1,-1,,20190625,87
,,-1,-1,[{packageName=com.android.cts.priv.ctsshim,,-1,-1,,20190625,88
,,-1,-1,[{packageName=com.android.cts.priv.ctsshim,,-1,-1,,20190625,89
,,-1,-1,[{packageName=com.android.cts.priv.ctsshim,,-1,-1,,20190625,90
,,-1,-1,[{packageName=com.android.cts.priv.ctsshim,,-1,-1,,20190625,91
,,-1,-1,[{packageName=com.android.cts.priv.ctsshim,,-1,-1,,20190625,92
,,-1,-1,[{packageName=com.android.cts.priv.ctsshim,,-1,-1,,20190625,93
,,-1,-1,[{packageName=com.android.cts.priv.ctsshim,,-1,-1,,20190625,94
,,-1,-1,[{packageName=com.android.cts.priv.ctsshim,,-1,-1,,20190625,95
,,-1,-1,[{packageName=com.huawei.camera,,-1,-1,,20190625,96
,,-1,-1,[{packageName=com.android.cts.priv.ctsshim,,-1,-1,,20190625,97
,,-1,-1,[{packageName=com.android.cts.priv.ctsshim,,-1,-1,,20190625,98
,,-1,-1,[{packageName=com.android.cts.priv.ctsshim,,-1,-1,,20190625,99
,,-1,-1,[{packageName=com.miui.gallery,,-1,-1,,20190625,100
,,-1,-1,[{packageName=com.android.fmradio,,-1,-1,,20190625,101
,,-1,-1,[{packageName=com.flyme.roamingpay,,-1,-1,,20190625,102
,,-1,-1,[{packageName=com.coloros.backuprestore,,-1,-1,,20190625,103
,,-1,-1,[{packageName=com.android.cts.priv.ctsshim,,-1,-1,,20190625,104
,,-1,-1,[{packageName=com.android.cts.priv.ctsshim,,-1,-1,,20190625,105
,,-1,-1,[{packageName=com.android.cts.priv.ctsshim,,-1,-1,,20190625,106
,,-1,-1,[{packageName=com.android.cts.priv.ctsshim,,-1,-1,,20190625,107
,,-1,-1,[{packageName=com.android.cts.priv.ctsshim,,-1,-1,,20190625,108
,,-1,-1,[{packageName=com.yulong.android.register,,-1,-1,,20190625,109
,,-1,-1,[{packageName=com.android.cts.priv.ctsshim,,-1,-1,,20190625,110
,,-1,-1,[{packageName=com.android.cts.priv.ctsshim,,-1,-1,,20190625,111
,,-1,-1,[{packageName=com.android.cts.priv.ctsshim,,-1,-1,,20190625,112
,,-1,-1,[{packageName=com.android.cts.priv.ctsshim,,-1,-1,,20190625,113
,,-1,-1,[{packageName=com.android.cts.priv.ctsshim,,-1,-1,,20190625,114
,,-1,-1,[{packageName=com.android.cts.priv.ctsshim,,-1,-1,,20190625,115
,,-1,-1,[{packageName=com.coloros.backuprestore,,-1,-1,,20190625,116
,,-1,-1,[{packageName=com.android.cts.priv.ctsshim,,-1,-1,,20190625,117
,,-1,-1,[{packageName=com.android.cts.priv.ctsshim,,-1,-1,,20190625,118
,,-1,-1,[{packageName=com.mediatek.gba,,-1,-1,,20190625,119
,,-1,-1,[{packageName=com.android.cts.priv.ctsshim,,-1,-1,,20190625,120
,,-1,-1,[{packageName=com.android.cts.priv.ctsshim,,-1,-1,,20190625,121
,,-1,-1,[{packageName=com.coloros.backuprestore,,-1,-1,,20190625,122
,,-1,-1,[{packageName=com.vivo.magic.note,,-1,-1,,20190625,123
,,-1,-1,[{packageName=com.android.providers.telephony,,-1,-1,,20190625,124
,,-1,-1,[{packageName=com.android.cts.priv.ctsshim,,-1,-1,,20190625,125
,,-1,-1,[{packageName=com.android.fmradio,,-1,-1,,20190625,126
,,-1,-1,[{packageName=com.android.fmradio,,-1,-1,,20190625,127
,,-1,-1,[{packageName=com.android.cts.priv.ctsshim,,-1,-1,,20190625,128
,,-1,-1,[{packageName=com.android.cts.priv.ctsshim,,-1,-1,,20190625,129
,,-1,-1,[{packageName=com.yulong.modem,,-1,-1,,20190625,130
,,-1,-1,[{packageName=com.android.cts.priv.ctsshim,,-1,-1,,20190625,131
,,-1,-1,[{packageName=com.coloros.backuprestore,,-1,-1,,20190625,132
,,-1,-1,[{packageName=com.android.cts.priv.ctsshim,,-1,-1,,20190625,133
,,-1,-1,[{packageName=com.android.cts.priv.ctsshim,,-1,-1,,20190625,134
,,-1,-1,[{packageName=com.android.cts.priv.ctsshim,,-1,-1,,20190625,135
,,-1,-1,[{packageName=com.sec.android.widgetapp.ap.sinanews,,-1,-1,,20190625,136
,,-1,-1,[{packageName=com.android.cts.priv.ctsshim,,-1,-1,,20190625,137
,,-1,-1,[{packageName=com.flyme.roamingpay,,-1,-1,,20190625,138
,,-1,-1,[{packageName=com.android.cts.priv.ctsshim,,-1,-1,,20190625,139
,,-1,-1,[{packageName=com.android.cts.priv.ctsshim,,-1,-1,,20190625,140
,,-1,-1,[{packageName=com.android.cts.priv.ctsshim,,-1,-1,,20190625,141
,,-1,-1,[{packageName=com.android.cts.priv.ctsshim,,-1,-1,,20190625,142
,,-1,-1,[{packageName=com.vivo.weather.provider,,-1,-1,,20190625,143
,,-1,-1,[{packageName=com.android.fmradio,,-1,-1,,20190625,144
,,-1,-1,[{packageName=com.mediatek.gba,,-1,-1,,20190625,145
,,-1,-1,[{packageName=com.android.cts.priv.ctsshim,,-1,-1,,20190625,146
,,-1,-1,[{packageName=com.android.cts.priv.ctsshim,,-1,-1,,20190625,147
,,-1,-1,[{packageName=com.samsung.android.provider.filterprovider,,-1,-1,,20190625,148
,,-1,-1,[{packageName=com.android.cts.priv.ctsshim,,-1,-1,,20190625,149
,,-1,-1,[{packageName=com.android.cts.priv.ctsshim,,-1,-1,,20190625,150
,,-1,-1,[{packageName=com.android.cts.priv.ctsshim,,-1,-1,,20190625,151
,,-1,-1,[{packageName=com.android.cts.priv.ctsshim,,-1,-1,,20190625,152
,,-1,-1,[{packageName=com.android.cts.priv.ctsshim,,-1,-1,,20190625,153
,,-1,-1,[{packageName=com.mediatek.gba,,-1,-1,,20190625,154
,,-1,-1,[{packageName=com.android.cts.priv.ctsshim,,-1,-1,,20190625,155
,,-1,-1,[{packageName=com.android.cts.priv.ctsshim,,-1,-1,,20190625,156
,,-1,-1,[{packageName=com.android.cts.priv.ctsshim,,-1,-1,,20190625,157
,,-1,-1,[{packageName=com.android.cts.priv.ctsshim,,-1,-1,,20190625,158
,,-1,-1,[{packageName=com.mediatek.gba,,-1,-1,,20190625,159
,,-1,-1,[{packageName=com.android.cts.priv.ctsshim,,-1,-1,,20190625,160
,,-1,-1,[{packageName=com.android.cts.priv.ctsshim,,-1,-1,,20190625,161
,,-1,-1,[{packageName=com.android.cts.priv.ctsshim,,-1,-1,,20190625,162
,,-1,-1,[{packageName=com.android.cts.priv.ctsshim,,-1,-1,,20190625,163
,,-1,-1,[{packageName=com.android.cts.priv.ctsshim,,-1,-1,,20190625,164
,,-1,-1,[{packageName=com.android.cts.priv.ctsshim,,-1,-1,,20190625,165
,,-1,-1,[{packageName=com.android.cts.priv.ctsshim,,-1,-1,,20190625,166
,,-1,-1,[{packageName=com.android.cts.priv.ctsshim,,-1,-1,,20190625,167
,,-1,-1,[{packageName=com.android.cts.priv.ctsshim,,-1,-1,,20190625,168
,,-1,-1,[{packageName=com.android.cts.priv.ctsshim,,-1,-1,,20190625,169
,,-1,-1,[{packageName=com.android.cts.priv.ctsshim,,-1,-1,,20190625,170
,,-1,-1,[{packageName=com.coloros.backuprestore,,-1,-1,,20190625,171
,,-1,-1,[{packageName=com.android.cts.priv.ctsshim,,-1,-1,,20190625,172
,,-1,-1,[{packageName=com.mediatek.gba,,-1,-1,,20190625,173
,,-1,-1,[{packageName=com.android.cts.priv.ctsshim,,-1,-1,,20190625,174
,,-1,-1,[{packageName=com.vivo.livewallpaper.silk,,-1,-1,,20190625,175
,,-1,-1,[{packageName=com.android.cts.priv.ctsshim,,-1,-1,,20190625,176
,,-1,-1,[{packageName=com.mediatek.gba,,-1,-1,,20190625,177
,,-1,-1,[{packageName=com.android.cts.priv.ctsshim,,-1,-1,,20190625,178
,,-1,-1,[{packageName=com.coloros.backuprestore,,-1,-1,,20190625,179
,,-1,-1,[{packageName=com.coloros.backuprestore,,-1,-1,,20190625,180
,,-1,-1,[{packageName=com.android.cts.priv.ctsshim,,-1,-1,,20190625,181
,,-1,-1,[{packageName=com.android.cts.priv.ctsshim,,-1,-1,,20190625,182
,,-1,-1,[{packageName=com.mediatek.gba,,-1,-1,,20190625,183
,,-1,-1,[{packageName=com.android.providers.telephony,,-1,-1,,20190625,184
,,-1,-1,[{packageName=com.android.cts.priv.ctsshim,,-1,-1,,20190625,185
,,-1,-1,[{packageName=com.android.cts.priv.ctsshim,,-1,-1,,20190625,186
,,-1,-1,[{packageName=com.android.cts.priv.ctsshim,,-1,-1,,20190625,187
,,-1,-1,[{packageName=com.android.cts.priv.ctsshim,,-1,-1,,20190625,188
,,-1,-1,[{packageName=com.android.cts.priv.ctsshim,,-1,-1,,20190625,189
,,-1,-1,[{packageName=com.android.cts.priv.ctsshim,,-1,-1,,20190625,190
,,-1,-1,[{packageName=com.android.cts.priv.ctsshim,,-1,-1,,20190625,191
,,-1,-1,[{packageName=com.miui.screenrecorder,,-1,-1,,20190625,192
,,-1,-1,[{packageName=com.android.cts.priv.ctsshim,,-1,-1,,20190625,193
,,-1,-1,[{packageName=com.huawei.camera,,-1,-1,,20190625,194
,,-1,-1,[{packageName=com.android.cts.priv.ctsshim,,-1,-1,,20190625,195
,,-1,-1,[{packageName=android,,-1,-1,,20190625,196
,,-1,-1,[{packageName=com.android.cts.priv.ctsshim,,-1,-1,,20190625,197
,,-1,-1,[{packageName=com.android.cts.priv.ctsshim,,-1,-1,,20190625,198
,,-1,-1,[{packageName=com.flyme.roamingpay,,-1,-1,,20190625,199
,,-1,-1,[{packageName=com.android.cts.priv.ctsshim,,-1,-1,,20190625,200
,,-1,-1,[{packageName=com.qiku.blackmagic,,-1,-1,,20190625,201
,,-1,-1,[{packageName=com.android.cts.priv.ctsshim,,-1,-1,,20190625,202
,,-1,-1,[{packageName=com.mediatek.gba,,-1,-1,,20190625,203
,,-1,-1,[{packageName=com.android.cts.priv.ctsshim,,-1,-1,,20190625,204
,,-1,-1,[{packageName=com.android.cts.priv.ctsshim,,-1,-1,,20190625,205
,,-1,-1,[{packageName=com.android.cts.priv.ctsshim,,-1,-1,,20190625,206
,,-1,-1,[{packageName=com.huawei.floatMms,,-1,-1,,20190625,207
,,-1,-1,[{packageName=com.android.cts.priv.ctsshim,,-1,-1,,20190625,208
,,-1,-1,[{packageName=com.android.cts.priv.ctsshim,,-1,-1,,20190625,209
,,-1,-1,[{packageName=com.android.fmradio,,-1,-1,,20190625,210
,,-1,-1,[{packageName=com.mediatek.gba,,-1,-1,,20190625,211
,,-1,-1,[{packageName=com.android.cts.priv.ctsshim,,-1,-1,,20190625,212
,,-1,-1,[{packageName=com.android.cts.priv.ctsshim,,-1,-1,,20190625,213
,,-1,-1,[{packageName=com.android.cts.priv.ctsshim,,-1,-1,,20190625,214
,,-1,-1,[{packageName=com.huawei.camera,,-1,-1,,20190625,215
,,-1,-1,[{packageName=com.android.cts.priv.ctsshim,,-1,-1,,20190625,216
,,-1,-1,[{packageName=com.android.cts.priv.ctsshim,,-1,-1,,20190625,217
,,-1,-1,[{packageName=com.android.cts.priv.ctsshim,,-1,-1,,20190625,218
,,-1,-1,[{packageName=com.android.cts.priv.ctsshim,,-1,-1,,20190625,219
,,-1,-1,[{packageName=com.miui.screenrecorder,,-1,-1,,20190625,220
,,-1,-1,[{packageName=com.yulong.android.register,,-1,-1,,20190625,221
,,-1,-1,[{packageName=com.android.cts.priv.ctsshim,,-1,-1,,20190625,222
,,-1,-1,[{packageName=com.android.cts.priv.ctsshim,,-1,-1,,20190625,223
,,-1,-1,[{packageName=com.android.cts.priv.ctsshim,,-1,-1,,20190625,224
,,-1,-1,[{packageName=com.android.cts.priv.ctsshim,,-1,-1,,20190625,225
,,-1,-1,[{packageName=com.huawei.camera,,-1,-1,,20190625,226
,,-1,-1,[{packageName=com.mediatek.gba,,-1,-1,,20190625,227
,,-1,-1,[{packageName=com.android.cts.priv.ctsshim,,-1,-1,,20190625,228
,,-1,-1,[{packageName=com.android.cts.priv.ctsshim,,-1,-1,,20190625,229
,,-1,-1,[{packageName=com.android.cts.priv.ctsshim,,-1,-1,,20190625,230
,,-1,-1,[{packageName=com.android.cts.priv.ctsshim,,-1,-1,,20190625,231
,,-1,-1,[{packageName=com.android.cts.priv.ctsshim,,-1,-1,,20190625,232
,,-1,-1,[{packageName=com.coloros.backuprestore,,-1,-1,,20190625,233
,,-1,-1,[{packageName=com.android.cts.priv.ctsshim,,-1,-1,,20190625,234
,,-1,-1,[{packageName=com.android.cts.priv.ctsshim,,-1,-1,,20190625,235
,,-1,-1,[{packageName=com.mediatek.gba,,-1,-1,,20190625,236
,,-1,-1,[{packageName=com.coloros.backuprestore,,-1,-1,,20190625,237
,,-1,-1,[{packageName=com.android.cts.priv.ctsshim,,-1,-1,,20190625,238
,,-1,-1,[{packageName=com.android.cts.priv.ctsshim,,-1,-1,,20190625,239
,,-1,-1,[{packageName=com.android.cts.priv.ctsshim,,-1,-1,,20190625,240
,,-1,-1,[{packageName=com.android.cts.priv.ctsshim,,-1,-1,,20190625,241
,,-1,-1,[{packageName=com.android.cts.priv.ctsshim,,-1,-1,,20190625,242
,,-1,-1,[{packageName=com.android.cts.priv.ctsshim,,-1,-1,,20190625,243
,,-1,-1,[{packageName=com.miui.screenrecorder,,-1,-1,,20190625,244
,,-1,-1,[{packageName=com.android.cts.priv.ctsshim,,-1,-1,,20190625,245
,,-1,-1,[{packageName=com.android.cts.priv.ctsshim,,-1,-1,,20190625,246
,,-1,-1,[{packageName=com.android.cts.priv.ctsshim,,-1,-1,,20190625,247
,,-1,-1,[{packageName=com.android.fmradio,,-1,-1,,20190625,248
,,-1,-1,[{packageName=com.mediatek.gba,,-1,-1,,20190625,249
,,-1,-1,[{packageName=com.android.cts.priv.ctsshim,,-1,-1,,20190625,250
,,-1,-1,[{packageName=com.android.cts.priv.ctsshim,,-1,-1,,20190625,251
,,-1,-1,[{packageName=com.android.cts.priv.ctsshim,,-1,-1,,20190625,252
,,-1,-1,[{packageName=com.gd.mobicore.pa,,-1,-1,,20190625,253
,,-1,-1,[{packageName=com.android.cts.priv.ctsshim,,-1,-1,,20190625,254
,,-1,-1,[{packageName=com.android.cts.priv.ctsshim,,-1,-1,,20190625,255
,,-1,-1,[{packageName=com.android.fmradio,,-1,-1,,20190625,256
,,-1,-1,[{packageName=com.android.cts.priv.ctsshim,,-1,-1,,20190625,257
,,-1,-1,[{packageName=com.android.cts.priv.ctsshim,,-1,-1,,20190625,258
,,-1,-1,[{packageName=com.mediatek.gba,,-1,-1,,20190625,259
,,-1,-1,[{packageName=com.android.cts.priv.ctsshim,,-1,-1,,20190625,260
,,-1,-1,[{packageName=com.android.cts.priv.ctsshim,,-1,-1,,20190625,261
,,-1,-1,[{packageName=com.android.cts.priv.ctsshim,,-1,-1,,20190625,262
,,-1,-1,[{packageName=com.mediatek.gba,,-1,-1,,20190625,263
,,-1,-1,[{packageName=com.android.cts.priv.ctsshim,,-1,-1,,20190625,264
,,-1,-1,[{packageName=com.android.cts.priv.ctsshim,,-1,-1,,20190625,265
,,-1,-1,[{packageName=com.coloros.backuprestore,,-1,-1,,20190625,266
,,-1,-1,[{packageName=com.coloros.backuprestore,,-1,-1,,20190625,267
,,-1,-1,[{packageName=com.android.cts.priv.ctsshim,,-1,-1,,20190625,268
,,-1,-1,[{packageName=com.android.cts.priv.ctsshim,,-1,-1,,20190625,269
,,-1,-1,[{packageName=com.android.cts.priv.ctsshim,,-1,-1,,20190625,270
,,-1,-1,[{packageName=com.flyme.roamingpay,,-1,-1,,20190625,271
,,-1,-1,[{packageName=com.android.fmradio,,-1,-1,,20190625,272
,,-1,-1,[{packageName=com.qiku.blackmagic,,-1,-1,,20190625,273
,,-1,-1,[{packageName=com.android.cts.priv.ctsshim,,-1,-1,,20190625,274
,,-1,-1,[{packageName=com.android.cts.priv.ctsshim,,-1,-1,,20190625,275
,,-1,-1,[{packageName=com.android.cts.priv.ctsshim,,-1,-1,,20190625,276
,,-1,-1,[{packageName=com.miui.screenrecorder},,-1,-1,,20190625,277
,,-1,-1,[{packageName=com.android.fmradio,,-1,-1,,20190625,278
,,-1,-1,[{packageName=com.android.cts.priv.ctsshim,,-1,-1,,20190625,279
,,-1,-1,[{packageName=com.android.cts.priv.ctsshim,,-1,-1,,20190625,280
,,-1,-1,[{packageName=com.coloros.backuprestore,,-1,-1,,20190625,281
,,-1,-1,[{packageName=com.android.cts.priv.ctsshim,,-1,-1,,20190625,282
,,-1,-1,[{packageName=com.android.cts.priv.ctsshim,,-1,-1,,20190625,283
,,-1,-1,[{packageName=com.android.cts.priv.ctsshim,,-1,-1,,20190625,284
,,-1,-1,[{packageName=com.android.cts.priv.ctsshim,,-1,-1,,20190625,285
,,-1,-1,[{packageName=com.android.cts.priv.ctsshim,,-1,-1,,20190625,286
,,-1,-1,[{packageName=com.android.cts.priv.ctsshim,,-1,-1,,20190625,287
,,-1,-1,[{packageName=com.google.android.ext.services,,-1,-1,,20190625,288
,,-1,-1,[{packageName=com.android.cts.priv.ctsshim,,-1,-1,,20190625,289
,,-1,-1,[{packageName=com.android.cts.priv.ctsshim,,-1,-1,,20190625,290
,,-1,-1,[{packageName=com.android.cts.priv.ctsshim,,-1,-1,,20190625,291
,,-1,-1,[{packageName=com.android.cts.priv.ctsshim,,-1,-1,,20190625,292
,,-1,-1,[{packageName=com.android.cts.priv.ctsshim,,-1,-1,,20190625,293
,,-1,-1,[{packageName=com.android.cts.priv.ctsshim,,-1,-1,,20190625,294
,,-1,-1,[{packageName=com.android.cts.priv.ctsshim,,-1,-1,,20190625,295
,,-1,-1,[{packageName=com.android.cts.priv.ctsshim,,-1,-1,,20190625,296
,,-1,-1,[{packageName=com.android.cts.priv.ctsshim,,-1,-1,,20190625,297
,,-1,-1,[{packageName=com.android.cts.priv.ctsshim,,-1,-1,,20190625,298
,,-1,-1,[{packageName=com.yulong.modem,,-1,-1,,20190625,299
,,-1,-1,[{packageName=com.android.cts.priv.ctsshim,,-1,-1,,20190625,300
,,-1,-1,[{packageName=com.mediatek.gba,,-1,-1,,20190625,301
,,-1,-1,[{packageName=com.coloros.backuprestore,,-1,-1,,20190625,302
,,-1,-1,[{packageName=com.android.cts.priv.ctsshim,,-1,-1,,20190625,303
,,-1,-1,[{packageName=com.flyme.roamingpay,,-1,-1,,20190625,304
,,-1,-1,[{packageName=com.vivo.weather.provider,,-1,-1,,20190625,305
,,-1,-1,[{packageName=com.android.cts.priv.ctsshim,,-1,-1,,20190625,306
,,-1,-1,[{packageName=com.android.cts.priv.ctsshim,,-1,-1,,20190625,307
,,-1,-1,[{packageName=com.android.cts.priv.ctsshim,,-1,-1,,20190625,308
,,-1,-1,[{packageName=com.coloros.backuprestore,,-1,-1,,20190625,309
,,-1,-1,[{packageName=com.vivo.weather.provider,,-1,-1,,20190625,310
,,-1,-1,[{packageName=com.android.cts.priv.ctsshim,,-1,-1,,20190625,311
,,-1,-1,[{packageName=com.android.fmradio,,-1,-1,,20190625,312
,,-1,-1,[{packageName=com.android.cts.priv.ctsshim,,-1,-1,,20190625,313
,,-1,-1,[{packageName=com.android.cts.priv.ctsshim,,-1,-1,,20190625,314
,,-1,-1,[{packageName=com.android.cts.priv.ctsshim,,-1,-1,,20190625,315
,,-1,-1,[{packageName=com.canvasbio.factorytest,,-1,-1,,20190625,316
,,-1,-1,[{packageName=com.mediatek.gba,,-1,-1,,20190625,317
,,-1,-1,[{packageName=com.android.cts.priv.ctsshim,,-1,-1,,20190625,318
,,-1,-1,[{packageName=com.android.cts.priv.ctsshim,,-1,-1,,20190625,319
,,-1,-1,[{packageName=com.coloros.backuprestore,,-1,-1,,20190625,320
,,-1,-1,[{packageName=com.android.cts.priv.ctsshim,,-1,-1,,20190625,321
,,-1,-1,[{packageName=com.android.cts.priv.ctsshim,,-1,-1,,20190625,322
,,-1,-1,[{packageName=com.coloros.backuprestore,,-1,-1,,20190625,323
,,-1,-1,[{packageName=com.android.cts.priv.ctsshim,,-1,-1,,20190625,324
,,-1,-1,[{packageName=com.android.cts.priv.ctsshim,,-1,-1,,20190625,325
,,-1,-1,[{packageName=com.android.cts.priv.ctsshim,,-1,-1,,20190625,326
,,-1,-1,[{packageName=com.android.cts.priv.ctsshim,,-1,-1,,20190625,327
,,-1,-1,[{packageName=com.mediatek.gba,,-1,-1,,20190625,328
,,-1,-1,[{packageName=com.android.cts.priv.ctsshim,,-1,-1,,20190625,329
,,-1,-1,[{packageName=com.android.cts.priv.ctsshim,,-1,-1,,20190625,330
,,-1,-1,[{packageName=com.android.cts.priv.ctsshim,,-1,-1,,20190625,331
,,-1,-1,[{packageName=com.android.cts.priv.ctsshim,,-1,-1,,20190625,332
,,-1,-1,[{packageName=com.android.cts.priv.ctsshim,,-1,-1,,20190625,333
,,-1,-1,[{packageName=com.android.cts.priv.ctsshim,,-1,-1,,20190625,334
,,-1,-1,[{packageName=com.qiku.blackmagic,,-1,-1,,20190625,335
,,-1,-1,[{packageName=com.miui.screenrecorder,,-1,-1,,20190625,336
,,-1,-1,[{packageName=com.android.cts.priv.ctsshim,,-1,-1,,20190625,337
,,-1,-1,[{packageName=com.android.cts.priv.ctsshim,,-1,-1,,20190625,338
,,-1,-1,[{packageName=com.miui.fmradio,,-1,-1,,20190625,339
,,-1,-1,[{packageName=com.miui.screenrecorder,,-1,-1,,20190625,340
,,-1,-1,[{packageName=com.vivo.weather.provider,,-1,-1,,20190625,341
,,-1,-1,[{packageName=com.android.cts.priv.ctsshim,,-1,-1,,20190625,342
,,-1,-1,[{packageName=com.android.cts.priv.ctsshim,,-1,-1,,20190625,343
,,-1,-1,[{packageName=com.oppo.gesture,,-1,-1,,20190625,344
,,-1,-1,[{packageName=com.coloros.backuprestore,,-1,-1,,20190625,345
,,-1,-1,[{packageName=com.android.fmradio,,-1,-1,,20190625,346
,,-1,-1,[{packageName=gn.camera.plugin.polaroid,,-1,-1,,20190625,347
,,-1,-1,[{packageName=com.coloros.backuprestore,,-1,-1,,20190625,348
,,-1,-1,[{packageName=com.coloros.backuprestore,,-1,-1,,20190625,349
,,-1,-1,[{packageName=com.coloros.backuprestore,,-1,-1,,20190625,350
,,-1,-1,[{packageName=com.android.cts.priv.ctsshim,,-1,-1,,20190625,351
,,-1,-1,[{packageName=com.coloros.backuprestore,,-1,-1,,20190625,352
,,-1,-1,[{packageName=com.android.cts.priv.ctsshim,,-1,-1,,20190625,353
,,-1,-1,[{packageName=com.android.cts.priv.ctsshim,,-1,-1,,20190625,354
,,-1,-1,[{packageName=com.android.cts.priv.ctsshim,,-1,-1,,20190625,355
,,-1,-1,[{packageName=com.flyme.roamingpay,,-1,-1,,20190625,356
,,-1,-1,[{packageName=com.android.cts.priv.ctsshim,,-1,-1,,20190625,357
,,-1,-1,[{packageName=com.android.cts.priv.ctsshim,,-1,-1,,20190625,358
,,-1,-1,[{packageName=com.miui.screenrecorder,,-1,-1,,20190625,359
,,-1,-1,[{packageName=com.android.cts.priv.ctsshim,,-1,-1,,20190625,360
,,-1,-1,[{packageName=com.android.cts.priv.ctsshim,,-1,-1,,20190625,361
,,-1,-1,[{packageName=com.android.cts.priv.ctsshim,,-1,-1,,20190625,362
,,-1,-1,[{packageName=com.android.cts.priv.ctsshim,,-1,-1,,20190625,363
,,-1,-1,[{packageName=com.android.cts.priv.ctsshim,,-1,-1,,20190625,364
,,-1,-1,[{packageName=com.android.cts.priv.ctsshim,,-1,-1,,20190625,365
,,-1,-1,[{packageName=com.android.cts.priv.ctsshim,,-1,-1,,20190625,366
,,-1,-1,[{packageName=com.android.cts.priv.ctsshim,,-1,-1,,20190625,367
,,-1,-1,[{packageName=com.mediatek.gba,,-1,-1,,20190625,368
,,-1,-1,[{packageName=com.android.cts.priv.ctsshim,,-1,-1,,20190625,369
,,-1,-1,[{packageName=com.android.cts.priv.ctsshim,,-1,-1,,20190625,370
,,-1,-1,[{packageName=com.samsung.android.provider.filterprovider,,-1,-1,,20190625,371
,,-1,-1,[{packageName=com.android.cts.priv.ctsshim,,-1,-1,,20190625,372
,,-1,-1,[{packageName=com.flyme.roamingpay,,-1,-1,,20190625,373
,,-1,-1,[{packageName=com.android.fmradio,,-1,-1,,20190625,374
,,-1,-1,[{packageName=com.android.cts.priv.ctsshim,,-1,-1,,20190625,375
,,-1,-1,[{packageName=com.mediatek.gba,,-1,-1,,20190625,376
,,-1,-1,[{packageName=com.yunpay.payapp,,-1,-1,,20190625,377
,,-1,-1,[{packageName=com.android.cts.priv.ctsshim,,-1,-1,,20190625,378
,,-1,-1,[{packageName=com.android.cts.priv.ctsshim,,-1,-1,,20190625,379
,,-1,-1,[{packageName=com.android.cts.priv.ctsshim,,-1,-1,,20190625,380
,,-1,-1,[{packageName=com.android.cts.priv.ctsshim,,-1,-1,,20190625,381
,,-1,-1,[{packageName=com.android.cts.priv.ctsshim,,-1,-1,,20190625,382
,,-1,-1,[{packageName=com.android.cts.priv.ctsshim,,-1,-1,,20190625,383
,,-1,-1,[{packageName=com.android.fmradio,,-1,-1,,20190625,384
,,-1,-1,[{packageName=com.mediatek.gba,,-1,-1,,20190625,385
,,-1,-1,[{packageName=com.android.cts.priv.ctsshim,,-1,-1,,20190625,386
,,-1,-1,[{packageName=com.android.cts.priv.ctsshim,,-1,-1,,20190625,387
,,-1,-1,[{packageName=com.miui.screenrecorder,,-1,-1,,20190625,388
,,-1,-1,[{packageName=com.android.cts.priv.ctsshim,,-1,-1,,20190625,389
,,-1,-1,[{packageName=com.mediatek.gba,,-1,-1,,20190625,390
,,-1,-1,[{packageName=com.android.cts.priv.ctsshim,,-1,-1,,20190625,391
,,-1,-1,[{packageName=com.coloros.backuprestore,,-1,-1,,20190625,392
,,-1,-1,[{packageName=com.android.cts.priv.ctsshim,,-1,-1,,20190625,393
,,-1,-1,[{packageName=com.android.cts.priv.ctsshim,,-1,-1,,20190625,394
,,-1,-1,[{packageName=com.android.cts.priv.ctsshim,,-1,-1,,20190625,395
,,-1,-1,[{packageName=com.android.cts.priv.ctsshim,,-1,-1,,20190625,396
,,-1,-1,[{packageName=com.android.cts.priv.ctsshim,,-1,-1,,20190625,397
,,-1,-1,[{packageName=com.android.cts.priv.ctsshim,,-1,-1,,20190625,398
,,-1,-1,[{packageName=com.android.cts.priv.ctsshim,,-1,-1,,20190625,399
,,-1,-1,[{packageName=com.android.cts.priv.ctsshim,,-1,-1,,20190625,400
,,-1,-1,[{packageName=com.android.cts.priv.ctsshim,,-1,-1,,20190625,401
,,-1,-1,[{packageName=com.vivo.weather.provider,,-1,-1,,20190625,402
,,-1,-1,[{packageName=com.android.cts.priv.ctsshim,,-1,-1,,20190625,403
,,-1,-1,[{packageName=com.mediatek.gba,,-1,-1,,20190625,404
,,-1,-1,[{packageName=com.android.fmradio,,-1,-1,,20190625,405
,,-1,-1,[{packageName=com.coloros.backuprestore,,-1,-1,,20190625,406
,,-1,-1,[{packageName=com.android.cts.priv.ctsshim,,-1,-1,,20190625,407
,,-1,-1,[{packageName=com.android.cts.priv.ctsshim,,-1,-1,,20190625,408
,,-1,-1,[{packageName=com.android.cts.priv.ctsshim,,-1,-1,,20190625,409
,,-1,-1,[{packageName=com.android.cts.priv.ctsshim,,-1,-1,,20190625,410
,,-1,-1,[{packageName=com.android.cts.priv.ctsshim,,-1,-1,,20190625,411
,,-1,-1,[{packageName=com.coloros.backuprestore,,-1,-1,,20190625,412
,,-1,-1,[{packageName=com.android.cts.priv.ctsshim,,-1,-1,,20190625,413
,,-1,-1,[{packageName=com.android.cts.priv.ctsshim,,-1,-1,,20190625,414
,,-1,-1,[{packageName=com.android.cts.priv.ctsshim,,-1,-1,,20190625,415
,,-1,-1,[{packageName=com.vivo.livewallpaper.silk,,-1,-1,,20190625,416
,,-1,-1,[{packageName=com.android.cts.priv.ctsshim,,-1,-1,,20190625,417
,,-1,-1,[{packageName=com.android.cts.priv.ctsshim,,-1,-1,,20190625,418
,,-1,-1,[{packageName=com.android.cts.priv.ctsshim,,-1,-1,,20190625,419
,,-1,-1,[{packageName=com.huawei.camera,,-1,-1,,20190625,420
,,-1,-1,[{packageName=com.android.cts.priv.ctsshim,,-1,-1,,20190625,421
,,-1,-1,[{packageName=com.android.fmradio,,-1,-1,,20190625,422
,,-1,-1,[{packageName=com.android.cts.priv.ctsshim,,-1,-1,,20190625,423
,,-1,-1,[{packageName=com.flyme.roamingpay,,-1,-1,,20190625,424
,,-1,-1,[{packageName=com.android.cts.priv.ctsshim,,-1,-1,,20190625,425
,,-1,-1,[{packageName=com.android.cts.priv.ctsshim,,-1,-1,,20190625,426
,,-1,-1,[{packageName=com.android.cts.priv.ctsshim,,-1,-1,,20190625,427
,,-1,-1,[{packageName=com.flyme.roamingpay,,-1,-1,,20190625,428
,,-1,-1,[{packageName=com.android.cts.priv.ctsshim,,-1,-1,,20190625,429
,,-1,-1,[{packageName=com.mobeam.barcodeService,,-1,-1,,20190625,430
,,-1,-1,[{packageName=com.coloros.backuprestore,,-1,-1,,20190625,431
,,-1,-1,[{packageName=com.android.cts.priv.ctsshim,,-1,-1,,20190625,432
,,-1,-1,[{packageName=com.android.cts.priv.ctsshim,,-1,-1,,20190625,433
,,-1,-1,[{packageName=com.android.cts.priv.ctsshim,,-1,-1,,20190625,434
,,-1,-1,[{packageName=com.android.cts.priv.ctsshim,,-1,-1,,20190625,435
,,-1,-1,[{packageName=com.android.cts.priv.ctsshim,,-1,-1,,20190625,436
,,-1,-1,[{packageName=com.android.cts.priv.ctsshim,,-1,-1,,20190625,437
,,-1,-1,[{packageName=com.mediatek.gba,,-1,-1,,20190625,438
,,-1,-1,[{packageName=com.android.cts.priv.ctsshim,,-1,-1,,20190625,439
,,-1,-1,[{packageName=com.miui.screenrecorder,,-1,-1,,20190625,440
,,-1,-1,[{packageName=com.miui.screenrecorder,,-1,-1,,20190625,441
,,-1,-1,[{packageName=com.android.cts.priv.ctsshim,,-1,-1,,20190625,442
,,-1,-1,[{packageName=com.android.cts.priv.ctsshim,,-1,-1,,20190625,443
,,-1,-1,[{packageName=com.android.cts.priv.ctsshim,,-1,-1,,20190625,444
,,-1,-1,[{packageName=com.android.cts.priv.ctsshim,,-1,-1,,20190625,445
,,-1,-1,[{packageName=com.android.cts.priv.ctsshim,,-1,-1,,20190625,446
,,-1,-1,[{packageName=com.mediatek.gba,,-1,-1,,20190625,447
,,-1,-1,[{packageName=com.vivo.securedaemonservice,,-1,-1,,20190625,448
,,-1,-1,[{packageName=com.android.cts.priv.ctsshim,,-1,-1,,20190625,449
,,-1,-1,[{packageName=com.android.cts.priv.ctsshim,,-1,-1,,20190625,450
,,-1,-1,[{packageName=com.vivo.weather.provider,,-1,-1,,20190625,451
,,-1,-1,[{packageName=com.android.cts.priv.ctsshim,,-1,-1,,20190625,452
,,-1,-1,[{packageName=com.android.cts.priv.ctsshim,,-1,-1,,20190625,453
,,-1,-1,[{packageName=com.android.cts.priv.ctsshim,,-1,-1,,20190625,454
,,-1,-1,[{packageName=com.android.cts.priv.ctsshim,,-1,-1,,20190625,455
,,-1,-1,[{packageName=com.android.cts.priv.ctsshim,,-1,-1,,20190625,456
,,-1,-1,[{packageName=com.android.cts.priv.ctsshim,,-1,-1,,20190625,457
,,-1,-1,[{packageName=com.android.cts.priv.ctsshim,,-1,-1,,20190625,458
,,-1,-1,[{packageName=com.android.cts.priv.ctsshim,,-1,-1,,20190625,459
,,-1,-1,[{packageName=com.android.cts.priv.ctsshim,,-1,-1,,20190625,460
,,-1,-1,[{packageName=com.android.cts.priv.ctsshim,,-1,-1,,20190625,461
,,-1,-1,[{packageName=com.android.cts.priv.ctsshim,,-1,-1,,20190625,462
,,-1,-1,[{packageName=com.android.cts.priv.ctsshim,,-1,-1,,20190625,463
,,-1,-1,[{packageName=com.android.cts.priv.ctsshim,,-1,-1,,20190625,464
,,-1,-1,[{packageName=com.flyme.roamingpay,,-1,-1,,20190625,465
,,-1,-1,[{packageName=com.android.cts.priv.ctsshim,,-1,-1,,20190625,466
,,-1,-1,[{packageName=com.android.fmradio,,-1,-1,,20190625,467
,,-1,-1,[{packageName=com.android.cts.priv.ctsshim,,-1,-1,,20190625,468
,,-1,-1,[{packageName=com.android.cts.priv.ctsshim,,-1,-1,,20190625,469
,,-1,-1,[{packageName=com.android.cts.priv.ctsshim,,-1,-1,,20190625,470
,,-1,-1,[{packageName=com.vivo.livewallpaper.silk,,-1,-1,,20190625,471
,,-1,-1,[{packageName=com.vivo.weather.provider,,-1,-1,,20190625,472
,,-1,-1,[{packageName=com.android.providers.telephony,,-1,-1,,20190625,473
,,-1,-1,[{packageName=com.android.cts.priv.ctsshim,,-1,-1,,20190625,474
,,-1,-1,[{packageName=com.android.cts.priv.ctsshim,,-1,-1,,20190625,475
,,-1,-1,[{packageName=com.android.cts.priv.ctsshim,,-1,-1,,20190625,476
,,-1,-1,[{packageName=com.miui.screenrecorder,,-1,-1,,20190625,477
,,-1,-1,[{packageName=com.android.cts.priv.ctsshim,,-1,-1,,20190625,478
,,-1,-1,[{packageName=com.android.cts.priv.ctsshim,,-1,-1,,20190625,479
,,-1,-1,[{packageName=com.android.cts.priv.ctsshim,,-1,-1,,20190625,480
,,-1,-1,[{packageName=com.android.cts.priv.ctsshim,,-1,-1,,20190625,481
,,-1,-1,[{packageName=com.mediatek.gba,,-1,-1,,20190625,482
,,-1,-1,[{packageName=com.android.cts.priv.ctsshim,,-1,-1,,20190625,483
,,-1,-1,[{packageName=com.android.cts.priv.ctsshim,,-1,-1,,20190625,484
,,-1,-1,[{packageName=com.android.cts.priv.ctsshim,,-1,-1,,20190625,485
,,-1,-1,[{packageName=com.android.cts.priv.ctsshim,,-1,-1,,20190625,486
,,-1,-1,[{packageName=com.android.cts.priv.ctsshim,,-1,-1,,20190625,487
,,-1,-1,[{packageName=com.android.cts.priv.ctsshim,,-1,-1,,20190625,488
,,-1,-1,[{packageName=com.android.cts.priv.ctsshim,,-1,-1,,20190625,489
,,-1,-1,[{packageName=com.android.cts.priv.ctsshim,,-1,-1,,20190625,490
,,-1,-1,[{packageName=com.android.cts.priv.ctsshim,,-1,-1,,20190625,491
,,-1,-1,[{packageName=com.android.cts.priv.ctsshim,,-1,-1,,20190625,492
,,-1,-1,[{packageName=com.android.cts.priv.ctsshim,,-1,-1,,20190625,493
,,-1,-1,[{packageName=com.android.cts.priv.ctsshim,,-1,-1,,20190625,494
,,-1,-1,[{packageName=com.android.fmradio,,-1,-1,,20190625,495
,,-1,-1,[{packageName=com.android.cts.priv.ctsshim,,-1,-1,,20190625,496
,,-1,-1,[{packageName=com.android.cts.priv.ctsshim,,-1,-1,,20190625,497
,,-1,-1,[{packageName=com.android.cts.priv.ctsshim,,-1,-1,,20190625,498
,,-1,-1,[{packageName=com.android.cts.priv.ctsshim,,-1,-1,,20190625,499
,,-1,-1,[{packageName=com.flyme.roamingpay,,-1,-1,,20190625,500
,,-1,-1,[{packageName=com.vivo.livewallpaper.silk,,-1,-1,,20190625,501
,,-1,-1,[{packageName=com.android.cts.priv.ctsshim,,-1,-1,,20190625,502
,,-1,-1,[{packageName=com.android.cts.priv.ctsshim,,-1,-1,,20190625,503
,,-1,-1,[{packageName=com.mediatek.gba,,-1,-1,,20190625,504
,,-1,-1,[{packageName=com.vivo.livewallpaper.silk,,-1,-1,,20190625,505
,,-1,-1,[{packageName=com.android.cts.priv.ctsshim,,-1,-1,,20190625,506
,,-1,-1,[{packageName=com.android.cts.priv.ctsshim,,-1,-1,,20190625,507
,,-1,-1,[{packageName=com.android.cts.priv.ctsshim,,-1,-1,,20190625,508
,,-1,-1,[{packageName=com.android.cts.priv.ctsshim,,-1,-1,,20190625,509
,,-1,-1,[{packageName=com.android.cts.priv.ctsshim,,-1,-1,,20190625,510
,,-1,-1,[{packageName=com.android.cts.priv.ctsshim,,-1,-1,,20190625,511
,,-1,-1,[{packageName=com.android.cts.priv.ctsshim,,-1,-1,,20190625,512
,,-1,-1,[{packageName=com.android.cts.priv.ctsshim,,-1,-1,,20190625,513
,,-1,-1,[{packageName=com.android.cts.priv.ctsshim,,-1,-1,,20190625,514
,,-1,-1,[{packageName=com.coloros.backuprestore,,-1,-1,,20190625,515
,,-1,-1,[{packageName=com.android.cts.priv.ctsshim,,-1,-1,,20190625,516
,,-1,-1,[{packageName=com.miui.screenrecorder,,-1,-1,,20190625,517
,,-1,-1,[{packageName=com.android.cts.priv.ctsshim,,-1,-1,,20190625,518
,,-1,-1,[{packageName=com.android.cts.priv.ctsshim,,-1,-1,,20190625,519
,,-1,-1,[{packageName=com.mediatek.gba,,-1,-1,,20190625,520
,,-1,-1,[{packageName=com.coloros.backuprestore,,-1,-1,,20190625,521
,,-1,-1,[{packageName=com.android.cts.priv.ctsshim,,-1,-1,,20190625,522
,,-1,-1,[{packageName=com.android.cts.priv.ctsshim,,-1,-1,,20190625,523
,,-1,-1,[{packageName=com.flyme.roamingpay,,-1,-1,,20190625,524
,,-1,-1,[{packageName=com.android.cts.priv.ctsshim,,-1,-1,,20190625,525
,,-1,-1,[{packageName=com.android.cts.priv.ctsshim,,-1,-1,,20190625,526
,,-1,-1,[{packageName=com.android.cts.priv.ctsshim,,-1,-1,,20190625,527
,,-1,-1,[{packageName=com.yunpay.payapp,,-1,-1,,20190625,528
,,-1,-1,[{packageName=com.android.cts.priv.ctsshim,,-1,-1,,20190625,529
,,-1,-1,[{packageName=com.android.cts.priv.ctsshim,,-1,-1,,20190625,530
,,-1,-1,[{packageName=com.android.cts.priv.ctsshim,,-1,-1,,20190625,531
,,-1,-1,[{packageName=com.android.cts.priv.ctsshim,,-1,-1,,20190625,532
,,-1,-1,[{packageName=com.android.fmradio,,-1,-1,,20190625,533
,,-1,-1,[{packageName=com.android.cts.priv.ctsshim,,-1,-1,,20190625,534
,,-1,-1,[{packageName=com.android.fmradio,,-1,-1,,20190625,535
,,-1,-1,[{packageName=com.android.cts.priv.ctsshim,,-1,-1,,20190625,536
,,-1,-1,[{packageName=com.android.cts.priv.ctsshim,,-1,-1,,20190625,537
,,-1,-1,[{packageName=com.android.cts.priv.ctsshim,,-1,-1,,20190625,538
,,-1,-1,[{packageName=com.android.cts.priv.ctsshim,,-1,-1,,20190625,539
,,-1,-1,[{packageName=com.android.cts.priv.ctsshim,,-1,-1,,20190625,540
,,-1,-1,[{packageName=com.android.cts.priv.ctsshim,,-1,-1,,20190625,541
,,-1,-1,[{packageName=com.android.cts.priv.ctsshim,,-1,-1,,20190625,542
,,-1,-1,[{packageName=com.vivo.weather.provider,,-1,-1,,20190625,543
,,-1,-1,[{packageName=com.coloros.backuprestore,,-1,-1,,20190625,544
,,-1,-1,[{packageName=sogou.mobile.explorer,,-1,-1,,20190625,545
,,-1,-1,[{packageName=com.android.cts.priv.ctsshim,,-1,-1,,20190625,546
,,-1,-1,[{packageName=com.android.cts.priv.ctsshim,,-1,-1,,20190625,547
,,-1,-1,[{packageName=com.android.cts.priv.ctsshim,,-1,-1,,20190625,548
,,-1,-1,[{packageName=com.vivo.weather.provider,,-1,-1,,20190625,549
,,-1,-1,[{packageName=com.vivo.weather.provider,,-1,-1,,20190625,550
,,-1,-1,[{packageName=com.android.cts.priv.ctsshim,,-1,-1,,20190625,551
,,-1,-1,[{packageName=com.flyme.roamingpay,,-1,-1,,20190625,552
,,-1,-1,[{packageName=com.android.cts.priv.ctsshim,,-1,-1,,20190625,553
,,-1,-1,[{packageName=com.android.cts.priv.ctsshim,,-1,-1,,20190625,554
,,-1,-1,[{packageName=com.android.cts.priv.ctsshim,,-1,-1,,20190625,555
,,-1,-1,[{packageName=com.yufly.setupwizard,,-1,-1,,20190625,556
,,-1,-1,[{packageName=com.coloros.backuprestore,,-1,-1,,20190625,557
,,-1,-1,[{packageName=com.android.cts.priv.ctsshim,,-1,-1,,20190625,558
,,-1,-1,[{packageName=com.vivo.livewallpaper.silk,,-1,-1,,20190625,559
,,-1,-1,[{packageName=com.android.cts.priv.ctsshim,,-1,-1,,20190625,560
,,-1,-1,[{packageName=com.android.cts.priv.ctsshim,,-1,-1,,20190625,561
,,-1,-1,[{packageName=com.android.cts.priv.ctsshim,,-1,-1,,20190625,562
,,-1,-1,[{packageName=com.android.cts.priv.ctsshim,,-1,-1,,20190625,563
,,-1,-1,[{packageName=com.coloros.backuprestore,,-1,-1,,20190625,564
,,-1,-1,[{packageName=com.android.cts.priv.ctsshim,,-1,-1,,20190625,565
,,-1,-1,[{packageName=com.android.fmradio,,-1,-1,,20190625,566
,,-1,-1,[{packageName=com.coloros.backuprestore,,-1,-1,,20190625,567
,,-1,-1,[{packageName=com.vivo.weather.provider,,-1,-1,,20190625,568
,,-1,-1,[{packageName=com.android.cts.priv.ctsshim,,-1,-1,,20190625,569
,,-1,-1,[{packageName=com.mediatek.gba,,-1,-1,,20190625,570
,,-1,-1,[{packageName=com.android.cts.priv.ctsshim,,-1,-1,,20190625,571
,,-1,-1,[{packageName=com.android.cts.priv.ctsshim,,-1,-1,,20190625,572
,,-1,-1,[{packageName=com.android.cts.priv.ctsshim,,-1,-1,,20190625,573
,,-1,-1,[{packageName=com.android.cts.priv.ctsshim,,-1,-1,,20190625,574
,,-1,-1,[{packageName=com.android.cts.priv.ctsshim,,-1,-1,,20190625,575
,,-1,-1,[{packageName=com.android.cts.priv.ctsshim,,-1,-1,,20190625,576
,,-1,-1,[{packageName=com.android.cts.priv.ctsshim,,-1,-1,,20190625,577
,,-1,-1,[{packageName=com.huawei.camera,,-1,-1,,20190625,578
,,-1,-1,[{packageName=com.android.cts.priv.ctsshim,,-1,-1,,20190625,579
,,-1,-1,[{packageName=com.android.cts.priv.ctsshim,,-1,-1,,20190625,580
,,-1,-1,[{packageName=com.android.cts.priv.ctsshim,,-1,-1,,20190625,581
,,-1,-1,[{packageName=com.android.cts.priv.ctsshim,,-1,-1,,20190625,582
,,-1,-1,[{packageName=com.android.cts.priv.ctsshim,,-1,-1,,20190625,583
,,-1,-1,[{packageName=com.android.fmradio,,-1,-1,,20190625,584
,,-1,-1,[{packageName=com.vivo.weather.provider,,-1,-1,,20190625,585
,,-1,-1,[{packageName=com.android.cts.priv.ctsshim,,-1,-1,,20190625,586
,,-1,-1,[{packageName=com.coloros.backuprestore,,-1,-1,,20190625,587
,,-1,-1,[{packageName=com.android.cts.priv.ctsshim,,-1,-1,,20190625,588
,,-1,-1,[{packageName=com.mediatek.gba,,-1,-1,,20190625,589
,,-1,-1,[{packageName=com.android.cts.priv.ctsshim,,-1,-1,,20190625,590
,,-1,-1,[{packageName=com.android.cts.priv.ctsshim,,-1,-1,,20190625,591
,,-1,-1,[{packageName=com.android.cts.priv.ctsshim,,-1,-1,,20190625,592
,,-1,-1,[{packageName=com.android.cts.priv.ctsshim,,-1,-1,,20190625,593
,,-1,-1,[{packageName=com.android.cts.priv.ctsshim,,-1,-1,,20190625,594
,,-1,-1,[{packageName=com.android.cts.priv.ctsshim,,-1,-1,,20190625,595
,,-1,-1,[{packageName=com.android.cts.priv.ctsshim,,-1,-1,,20190625,596
,,-1,-1,[{packageName=com.android.fmradio,,-1,-1,,20190625,597
,,-1,-1,[{packageName=com.google.android.ext.services,,-1,-1,,20190625,598
,,-1,-1,[{packageName=com.android.cts.priv.ctsshim,,-1,-1,,20190625,599
,,-1,-1,[{packageName=com.android.cts.priv.ctsshim,,-1,-1,,20190625,600
,,-1,-1,[{packageName=com.coloros.backuprestore,,-1,-1,,20190625,601
,,-1,-1,[{packageName=com.android.cts.priv.ctsshim,,-1,-1,,20190625,602
,,-1,-1,[{packageName=com.android.cts.priv.ctsshim,,-1,-1,,20190625,603
,,-1,-1,[{packageName=com.android.cts.priv.ctsshim,,-1,-1,,20190625,604
,,-1,-1,[{packageName=com.android.cts.priv.ctsshim,,-1,-1,,20190625,605
,,-1,-1,[{packageName=com.android.cts.priv.ctsshim,,-1,-1,,20190625,606
,,-1,-1,[{packageName=com.flyme.roamingpay,,-1,-1,,20190625,607
,,-1,-1,[{packageName=com.android.cts.priv.ctsshim,,-1,-1,,20190625,608
,,-1,-1,[{packageName=com.miui.screenrecorder,,-1,-1,,20190625,609
,,-1,-1,[{packageName=com.android.cts.priv.ctsshim,,-1,-1,,20190625,610
,,-1,-1,[{packageName=com.android.cts.priv.ctsshim,,-1,-1,,20190625,611
,,-1,-1,[{packageName=com.android.cts.priv.ctsshim,,-1,-1,,20190625,612
,,-1,-1,[{packageName=com.android.cts.priv.ctsshim,,-1,-1,,20190625,613
,,-1,-1,[{packageName=com.android.cts.priv.ctsshim,,-1,-1,,20190625,614
,,-1,-1,[{packageName=com.android.fmradio,,-1,-1,,20190625,615
,,-1,-1,[{packageName=com.vivo.weather.provider,,-1,-1,,20190625,616
,,-1,-1,[{packageName=com.android.cts.priv.ctsshim,,-1,-1,,20190625,617
,,-1,-1,[{packageName=com.vivo.weather.provider,,-1,-1,,20190625,618
,,-1,-1,[{packageName=com.android.cts.priv.ctsshim,,-1,-1,,20190625,619
,,-1,-1,[{packageName=com.android.cts.priv.ctsshim,,-1,-1,,20190625,620
,,-1,-1,[{packageName=com.android.cts.priv.ctsshim,,-1,-1,,20190625,621
,,-1,-1,[{packageName=com.mediatek.gba,,-1,-1,,20190625,622
,,-1,-1,[{packageName=com.android.cts.priv.ctsshim,,-1,-1,,20190625,623
,,-1,-1,[{packageName=com.android.cts.priv.ctsshim,,-1,-1,,20190625,624
,,-1,-1,[{packageName=com.android.cts.priv.ctsshim,,-1,-1,,20190625,625
,,-1,-1,[{packageName=com.android.cts.priv.ctsshim,,-1,-1,,20190625,626
,,-1,-1,[{packageName=com.android.cts.priv.ctsshim,,-1,-1,,20190625,627
,,-1,-1,[{packageName=com.android.cts.priv.ctsshim,,-1,-1,,20190625,628
,,-1,-1,[{packageName=com.coloros.backuprestore,,-1,-1,,20190625,629
,,-1,-1,[{packageName=com.android.cts.priv.ctsshim,,-1,-1,,20190625,630
,,-1,-1,[{packageName=com.android.cts.priv.ctsshim,,-1,-1,,20190625,631
,,-1,-1,[{packageName=com.android.fmradio,,-1,-1,,20190625,632
,,-1,-1,[{packageName=com.android.cts.priv.ctsshim,,-1,-1,,20190625,633
,,-1,-1,[{packageName=com.android.cts.priv.ctsshim,,-1,-1,,20190625,634
,,-1,-1,[{packageName=com.android.cts.priv.ctsshim,,-1,-1,,20190625,635
,,-1,-1,[{packageName=com.android.cts.priv.ctsshim,,-1,-1,,20190625,636
,,-1,-1,[{packageName=com.android.cts.priv.ctsshim,,-1,-1,,20190625,637
,,-1,-1,[{packageName=com.android.cts.priv.ctsshim,,-1,-1,,20190625,638
,,-1,-1,[{packageName=com.android.cts.priv.ctsshim,,-1,-1,,20190625,639
,,-1,-1,[{packageName=com.coloros.backuprestore,,-1,-1,,20190625,640
,,-1,-1,[{packageName=com.android.cts.priv.ctsshim,,-1,-1,,20190625,641
,,-1,-1,[{packageName=com.android.cts.priv.ctsshim,,-1,-1,,20190625,642
,,-1,-1,[{packageName=com.google.android.ext.services,,-1,-1,,20190625,643
,,-1,-1,[{packageName=com.android.cts.priv.ctsshim,,-1,-1,,20190625,644
,,-1,-1,[{packageName=com.oppo.gesture,,-1,-1,,20190625,645
,,-1,-1,[{packageName=com.vivo.weather.provider,,-1,-1,,20190625,646
,,-1,-1,[{packageName=com.android.cts.priv.ctsshim,,-1,-1,,20190625,647
,,-1,-1,[{packageName=com.android.cts.priv.ctsshim,,-1,-1,,20190625,648
,,-1,-1,[{packageName=com.vivo.weather.provider,,-1,-1,,20190625,649
,,-1,-1,[{packageName=com.android.cts.priv.ctsshim,,-1,-1,,20190625,650
,,-1,-1,[{packageName=com.flyme.roamingpay,,-1,-1,,20190625,651
,,-1,-1,[{packageName=com.android.cts.priv.ctsshim,,-1,-1,,20190625,652
,,-1,-1,[{packageName=com.mediatek.gba,,-1,-1,,20190625,653
,,-1,-1,[{packageName=com.android.providers.telephony,,-1,-1,,20190625,654
,,-1,-1,[{packageName=com.android.cts.priv.ctsshim,,-1,-1,,20190625,655
,,-1,-1,[{packageName=com.miui.screenrecorder,,-1,-1,,20190625,656
,,-1,-1,[{packageName=com.android.cts.priv.ctsshim,,-1,-1,,20190625,657
,,-1,-1,[{packageName=com.zui.fingerprintsettings,,-1,-1,,20190625,658
,,-1,-1,[{packageName=com.android.cts.priv.ctsshim,,-1,-1,,20190625,659
,,-1,-1,[{packageName=com.mediatek.gba,,-1,-1,,20190625,660
,,-1,-1,[{packageName=com.android.cts.priv.ctsshim,,-1,-1,,20190625,661
,,-1,-1,[{packageName=com.mediatek.gba,,-1,-1,,20190625,662
,,-1,-1,[{packageName=com.android.cts.priv.ctsshim,,-1,-1,,20190625,663
,,-1,-1,[{packageName=com.android.cts.priv.ctsshim,,-1,-1,,20190625,664
,,-1,-1,[{packageName=com.huawei.floatMms,,-1,-1,,20190625,665
,,-1,-1,[{packageName=com.android.cts.priv.ctsshim,,-1,-1,,20190625,666
,,-1,-1,[{packageName=com.vivo.livewallpaper.silk,,-1,-1,,20190625,667
,,-1,-1,[{packageName=com.android.cts.priv.ctsshim,,-1,-1,,20190625,668
,,-1,-1,[{packageName=com.android.cts.priv.ctsshim,,-1,-1,,20190625,669
,,-1,-1,[{packageName=com.android.cts.priv.ctsshim,,-1,-1,,20190625,670
,,-1,-1,[{packageName=com.mediatek.gba,,-1,-1,,20190625,671
,,-1,-1,[{packageName=com.oppo.gesture,,-1,-1,,20190625,672
,,-1,-1,[{packageName=com.android.cts.priv.ctsshim,,-1,-1,,20190625,673
,,-1,-1,[{packageName=com.android.cts.priv.ctsshim,,-1,-1,,20190625,674
,,-1,-1,[{packageName=com.android.fmradio,,-1,-1,,20190625,675
,,-1,-1,[{packageName=com.android.fmradio,,-1,-1,,20190625,676
,,-1,-1,[{packageName=com.oppo.gesture,,-1,-1,,20190625,677
,,-1,-1,[{packageName=com.android.cts.priv.ctsshim,,-1,-1,,20190625,678
,,-1,-1,[{packageName=com.android.cts.priv.ctsshim,,-1,-1,,20190625,679
,,-1,-1,[{packageName=com.android.cts.priv.ctsshim,,-1,-1,,20190625,680
,,-1,-1,[{packageName=com.android.cts.priv.ctsshim,,-1,-1,,20190625,681
,,-1,-1,[{packageName=com.android.cts.priv.ctsshim,,-1,-1,,20190625,682
,,-1,-1,[{packageName=com.android.cts.priv.ctsshim,,-1,-1,,20190625,683
,,-1,-1,[{packageName=com.android.cts.priv.ctsshim,,-1,-1,,20190625,684
,,-1,-1,[{packageName=com.android.cts.priv.ctsshim,,-1,-1,,20190625,685
,,-1,-1,[{packageName=com.coloros.backuprestore,,-1,-1,,20190625,686
,,-1,-1,[{packageName=com.android.cts.priv.ctsshim,,-1,-1,,20190625,687
,,-1,-1,[{packageName=com.android.cts.priv.ctsshim,,-1,-1,,20190625,688
,,-1,-1,[{packageName=com.android.fmradio,,-1,-1,,20190625,689
,,-1,-1,[{packageName=com.vivo.weather.provider,,-1,-1,,20190625,690
,,-1,-1,[{packageName=com.android.cts.priv.ctsshim,,-1,-1,,20190625,691
,,-1,-1,[{packageName=com.android.cts.priv.ctsshim,,-1,-1,,20190625,692
,,-1,-1,[{packageName=com.android.cts.priv.ctsshim,,-1,-1,,20190625,693
,,-1,-1,[{packageName=com.android.fmradio,,-1,-1,,20190625,694
,,-1,-1,[{packageName=com.android.cts.priv.ctsshim,,-1,-1,,20190625,695
,,-1,-1,[{packageName=com.android.cts.priv.ctsshim,,-1,-1,,20190625,696
,,-1,-1,[{packageName=com.android.cts.priv.ctsshim,,-1,-1,,20190625,697
,,-1,-1,[{packageName=com.android.fmradio,,-1,-1,,20190625,698
,,-1,-1,[{packageName=com.android.cts.priv.ctsshim,,-1,-1,,20190625,699
,,-1,-1,[{packageName=com.coloros.backuprestore,,-1,-1,,20190625,700
,,-1,-1,[{packageName=com.android.cts.priv.ctsshim,,-1,-1,,20190625,701
,,-1,-1,[{packageName=com.android.cts.priv.ctsshim,,-1,-1,,20190625,702
,,-1,-1,[{packageName=com.android.cts.priv.ctsshim,,-1,-1,,20190625,703
,,-1,-1,[{packageName=com.vivo.weather.provider,,-1,-1,,20190625,704
,,-1,-1,[{packageName=com.vivo.livewallpaper.silk,,-1,-1,,20190625,705
,,-1,-1,[{packageName=com.android.cts.priv.ctsshim,,-1,-1,,20190625,706
,,-1,-1,[{packageName=com.android.cts.priv.ctsshim,,-1,-1,,20190625,707
,,-1,-1,[{packageName=com.android.cts.priv.ctsshim,,-1,-1,,20190625,708
,,-1,-1,[{packageName=com.android.cts.priv.ctsshim,,-1,-1,,20190625,709
,,-1,-1,[{packageName=com.android.cts.priv.ctsshim,,-1,-1,,20190625,710
,,-1,-1,[{packageName=com.android.cts.priv.ctsshim,,-1,-1,,20190625,711
,,-1,-1,[{packageName=com.android.cts.priv.ctsshim,,-1,-1,,20190625,712
,,-1,-1,[{packageName=com.android.cts.priv.ctsshim,,-1,-1,,20190625,713
,,-1,-1,[{packageName=com.android.cts.priv.ctsshim,,-1,-1,,20190625,714
,,-1,-1,[{packageName=com.android.cts.priv.ctsshim,,-1,-1,,20190625,715
,,-1,-1,[{packageName=com.android.cts.priv.ctsshim,,-1,-1,,20190625,716
,,-1,-1,[{packageName=com.android.cts.priv.ctsshim,,-1,-1,,20190625,717
,,-1,-1,[{packageName=com.android.cts.priv.ctsshim,,-1,-1,,20190625,718
,,-1,-1,[{packageName=com.android.defcontainer,,-1,-1,,20190625,719
,,-1,-1,[{packageName=com.android.cts.priv.ctsshim,,-1,-1,,20190625,720
,,-1,-1,[{packageName=com.android.cts.priv.ctsshim,,-1,-1,,20190625,721
,,-1,-1,[{packageName=com.huawei.camera,,-1,-1,,20190625,722
,,-1,-1,[{packageName=com.android.cts.priv.ctsshim,,-1,-1,,20190625,723
,,-1,-1,[{packageName=com.android.cts.priv.ctsshim,,-1,-1,,20190625,724
,,-1,-1,[{packageName=com.android.cts.priv.ctsshim,,-1,-1,,20190625,725
,,-1,-1,[{packageName=com.mediatek.gba,,-1,-1,,20190625,726
,,-1,-1,[{packageName=com.android.cts.priv.ctsshim,,-1,-1,,20190625,727
,,-1,-1,[{packageName=com.android.cts.priv.ctsshim,,-1,-1,,20190625,728
,,-1,-1,[{packageName=com.android.cts.priv.ctsshim,,-1,-1,,20190625,729
,,-1,-1,[{packageName=com.android.cts.priv.ctsshim,,-1,-1,,20190625,730
,,-1,-1,[{packageName=com.huawei.camera,,-1,-1,,20190625,731
,,-1,-1,[{packageName=com.coloros.backuprestore,,-1,-1,,20190625,732
,,-1,-1,[{packageName=com.vivo.weather.provider,,-1,-1,,20190625,733
,,-1,-1,[{packageName=com.android.cts.priv.ctsshim,,-1,-1,,20190625,734
,,-1,-1,[{packageName=com.oppo.gesture,,-1,-1,,20190625,735
,,-1,-1,[{packageName=com.android.cts.priv.ctsshim,,-1,-1,,20190625,736
,,-1,-1,[{packageName=com.android.cts.priv.ctsshim,,-1,-1,,20190625,737
,,-1,-1,[{packageName=com.mediatek.gba,,-1,-1,,20190625,738
,,-1,-1,[{packageName=com.android.cts.priv.ctsshim,,-1,-1,,20190625,739
,,-1,-1,[{packageName=com.hisense.hiphone.appstore,,-1,-1,,20190625,740
,,-1,-1,[{packageName=com.android.cts.priv.ctsshim,,-1,-1,,20190625,741
,,-1,-1,[{packageName=com.coloros.backuprestore,,-1,-1,,20190625,742
,,-1,-1,[{packageName=com.android.cts.priv.ctsshim,,-1,-1,,20190625,743
,,-1,-1,[{packageName=com.android.cts.priv.ctsshim,,-1,-1,,20190625,744
,,-1,-1,[{packageName=com.android.cts.priv.ctsshim,,-1,-1,,20190625,745
,,-1,-1,[{packageName=com.vivo.weather.provider,,-1,-1,,20190625,746
,,-1,-1,[{packageName=com.android.cts.priv.ctsshim,,-1,-1,,20190625,747
,,-1,-1,[{packageName=com.android.cts.priv.ctsshim,,-1,-1,,20190625,748
,,-1,-1,[{packageName=com.android.cts.priv.ctsshim,,-1,-1,,20190625,749
,,-1,-1,[{packageName=com.android.cts.priv.ctsshim,,-1,-1,,20190625,750
,,-1,-1,[{packageName=com.android.cts.priv.ctsshim,,-1,-1,,20190625,751
,,-1,-1,[{packageName=com.android.cts.priv.ctsshim,,-1,-1,,20190625,752
,,-1,-1,[{packageName=com.android.cts.priv.ctsshim,,-1,-1,,20190625,753
,,-1,-1,[{packageName=com.huawei.floatMms,,-1,-1,,20190625,754
,,-1,-1,[{packageName=com.mediatek.gba,,-1,-1,,20190625,755
,,-1,-1,[{packageName=com.android.cts.priv.ctsshim,,-1,-1,,20190625,756
,,-1,-1,[{packageName=com.android.cts.priv.ctsshim,,-1,-1,,20190625,757
,,-1,-1,[{packageName=com.hq.resource,,-1,-1,,20190625,758
,,-1,-1,[{packageName=com.android.cts.priv.ctsshim,,-1,-1,,20190625,759
,,-1,-1,[{packageName=com.android.cts.priv.ctsshim,,-1,-1,,20190625,760
,,-1,-1,[{packageName=com.coloros.backuprestore,,-1,-1,,20190625,761
,,-1,-1,[{packageName=com.android.cts.priv.ctsshim,,-1,-1,,20190625,762
,,-1,-1,[{packageName=com.android.cts.priv.ctsshim,,-1,-1,,20190625,763
,,-1,-1,[{packageName=com.android.cts.priv.ctsshim,,-1,-1,,20190625,764
,,-1,-1,[{packageName=com.qiku.blackmagic,,-1,-1,,20190625,765
,,-1,-1,[{packageName=com.android.cts.priv.ctsshim,,-1,-1,,20190625,766
,,-1,-1,[{packageName=com.android.cts.priv.ctsshim,,-1,-1,,20190625,767
,,-1,-1,[{packageName=com.android.cts.priv.ctsshim,,-1,-1,,20190625,768
,,-1,-1,[{packageName=com.android.cts.priv.ctsshim,,-1,-1,,20190625,769
,,-1,-1,[{packageName=com.yunpay.payapp,,-1,-1,,20190625,770
,,-1,-1,[{packageName=com.android.cts.priv.ctsshim,,-1,-1,,20190625,771
,,-1,-1,[{packageName=com.android.cts.priv.ctsshim,,-1,-1,,20190625,772
,,-1,-1,[{packageName=com.android.cts.priv.ctsshim,,-1,-1,,20190625,773
,,-1,-1,[{packageName=com.android.cts.priv.ctsshim,,-1,-1,,20190625,774
,,-1,-1,[{packageName=com.android.cts.priv.ctsshim,,-1,-1,,20190625,775
,,-1,-1,[{packageName=com.android.cts.priv.ctsshim,,-1,-1,,20190625,776
,,-1,-1,[{packageName=com.android.cts.priv.ctsshim,,-1,-1,,20190625,777
,,-1,-1,[{packageName=com.coloros.backuprestore,,-1,-1,,20190625,778
,,-1,-1,[{packageName=com.google.android.ext.services,,-1,-1,,20190625,779
,,-1,-1,[{packageName=com.android.cts.priv.ctsshim,,-1,-1,,20190625,780
,,-1,-1,[{packageName=com.huawei.floatMms,,-1,-1,,20190625,781
,,-1,-1,[{packageName=com.coloros.backuprestore,,-1,-1,,20190625,782
,,-1,-1,[{packageName=com.android.cts.priv.ctsshim,,-1,-1,,20190625,783
,,-1,-1,[{packageName=com.android.fmradio,,-1,-1,,20190625,784
,,-1,-1,[{packageName=com.android.cts.priv.ctsshim,,-1,-1,,20190625,785
,,-1,-1,[{packageName=com.coloros.backuprestore,,-1,-1,,20190625,786
,,-1,-1,[{packageName=com.android.cts.priv.ctsshim,,-1,-1,,20190625,787
,,-1,-1,[{packageName=com.android.cts.priv.ctsshim,,-1,-1,,20190625,788
,,-1,-1,[{packageName=com.flyme.roamingpay,,-1,-1,,20190625,789
,,-1,-1,[{packageName=com.android.cts.priv.ctsshim,,-1,-1,,20190625,790
,,-1,-1,[{packageName=com.android.cts.priv.ctsshim,,-1,-1,,20190625,791
,,-1,-1,[{packageName=com.android.cts.priv.ctsshim,,-1,-1,,20190625,792
,,-1,-1,[{packageName=com.vivo.weather.provider,,-1,-1,,20190625,793
,,-1,-1,[{packageName=com.android.cts.priv.ctsshim,,-1,-1,,20190625,794
,,-1,-1,[{packageName=com.android.cts.priv.ctsshim,,-1,-1,,20190625,795
,,-1,-1,[{packageName=com.mediatek.gba,,-1,-1,,20190625,796
,,-1,-1,[{packageName=com.android.cts.priv.ctsshim,,-1,-1,,20190625,797
,,-1,-1,[{packageName=com.android.cts.priv.ctsshim,,-1,-1,,20190625,798
,,-1,-1,[{packageName=com.mediatek.gba,,-1,-1,,20190625,799
,,-1,-1,[{packageName=com.android.fmradio,,-1,-1,,20190625,800
,,-1,-1,[{packageName=com.android.cts.priv.ctsshim,,-1,-1,,20190625,801
,,-1,-1,[{packageName=com.android.cts.priv.ctsshim,,-1,-1,,20190625,802
,,-1,-1,[{packageName=com.mediatek.gba,,-1,-1,,20190625,803
,,-1,-1,[{packageName=com.android.cts.priv.ctsshim,,-1,-1,,20190625,804
,,-1,-1,[{packageName=com.android.cts.priv.ctsshim,,-1,-1,,20190625,805
,,-1,-1,[{packageName=com.android.cts.priv.ctsshim,,-1,-1,,20190625,806
,,-1,-1,[{packageName=com.android.cts.priv.ctsshim,,-1,-1,,20190625,807
,,-1,-1,[{packageName=com.android.cts.priv.ctsshim,,-1,-1,,20190625,808
,,-1,-1,[{packageName=com.android.cts.priv.ctsshim,,-1,-1,,20190625,809
,,-1,-1,[{packageName=com.android.cts.priv.ctsshim,,-1,-1,,20190625,810
,,-1,-1,[{packageName=com.mediatek.gba,,-1,-1,,20190625,811
,,-1,-1,[{packageName=gn.camera.plugin.polaroid,,-1,-1,,20190625,812
,,-1,-1,[{packageName=com.mediatek.gba,,-1,-1,,20190625,813
,,-1,-1,[{packageName=com.android.cts.priv.ctsshim,,-1,-1,,20190625,814
,,-1,-1,[{packageName=com.mediatek.gba,,-1,-1,,20190625,815
,,-1,-1,[{packageName=com.coloros.backuprestore,,-1,-1,,20190625,816
,,-1,-1,[{packageName=com.android.cts.priv.ctsshim,,-1,-1,,20190625,817
,,-1,-1,[{packageName=com.android.cts.priv.ctsshim,,-1,-1,,20190625,818
,,-1,-1,[{packageName=com.android.cts.priv.ctsshim,,-1,-1,,20190625,819
,,-1,-1,[{packageName=com.qiku.blackmagic,,-1,-1,,20190625,820
,,-1,-1,[{packageName=com.mediatek.gba,,-1,-1,,20190625,821
,,-1,-1,[{packageName=com.android.cts.priv.ctsshim,,-1,-1,,20190625,822
,,-1,-1,[{packageName=com.android.cts.priv.ctsshim,,-1,-1,,20190625,823
,,-1,-1,[{packageName=com.android.cts.priv.ctsshim,,-1,-1,,20190625,824
,,-1,-1,[{packageName=com.android.cts.priv.ctsshim,,-1,-1,,20190625,825
,,-1,-1,[{packageName=com.android.cts.priv.ctsshim,,-1,-1,,20190625,826
,,-1,-1,[{packageName=com.mediatek.gba,,-1,-1,,20190625,827
,,-1,-1,[{packageName=com.huawei.camera,,-1,-1,,20190625,828
,,-1,-1,[{packageName=com.android.cts.priv.ctsshim,,-1,-1,,20190625,829
,,-1,-1,[{packageName=com.android.cts.priv.ctsshim,,-1,-1,,20190625,830
,,-1,-1,[{packageName=com.android.cts.priv.ctsshim,,-1,-1,,20190625,831
,,-1,-1,[{packageName=com.android.cts.priv.ctsshim,,-1,-1,,20190625,832
,,-1,-1,[{packageName=com.android.cts.priv.ctsshim,,-1,-1,,20190625,833
,,-1,-1,[{packageName=com.android.cts.priv.ctsshim,,-1,-1,,20190625,834
,,-1,-1,[{packageName=com.android.cts.priv.ctsshim,,-1,-1,,20190625,835
,,-1,-1,[{packageName=com.android.cts.priv.ctsshim,,-1,-1,,20190625,836
,,-1,-1,[{packageName=com.android.cts.priv.ctsshim,,-1,-1,,20190625,837
,,-1,-1,[{packageName=com.android.cts.priv.ctsshim,,-1,-1,,20190625,838
,,-1,-1,[{packageName=com.mediatek.gba,,-1,-1,,20190625,839
,,-1,-1,[{packageName=com.android.cts.priv.ctsshim,,-1,-1,,20190625,840
,,-1,-1,[{packageName=com.mediatek.gba,,-1,-1,,20190625,841
,,-1,-1,[{packageName=com.android.fmradio,,-1,-1,,20190625,842
,,-1,-1,[{packageName=com.android.cts.priv.ctsshim,,-1,-1,,20190625,843
,,-1,-1,[{packageName=com.miui.screenrecorder,,-1,-1,,20190625,844
,,-1,-1,[{packageName=com.qiku.blackmagic,,-1,-1,,20190625,845
,,-1,-1,[{packageName=com.android.cts.priv.ctsshim,,-1,-1,,20190625,846
,,-1,-1,[{packageName=com.android.cts.priv.ctsshim,,-1,-1,,20190625,847
,,-1,-1,[{packageName=com.android.cts.priv.ctsshim,,-1,-1,,20190625,848
,,-1,-1,[{packageName=com.vivo.weather.provider,,-1,-1,,20190625,849
,,-1,-1,[{packageName=com.android.fmradio,,-1,-1,,20190625,850
,,-1,-1,[{packageName=com.android.cts.priv.ctsshim,,-1,-1,,20190625,851
,,-1,-1,[{packageName=com.android.cts.priv.ctsshim,,-1,-1,,20190625,852
,,-1,-1,[{packageName=com.android.cts.priv.ctsshim,,-1,-1,,20190625,853
,,-1,-1,[{packageName=com.oppo.gesture,,-1,-1,,20190625,854
,,-1,-1,[{packageName=com.android.cts.priv.ctsshim,,-1,-1,,20190625,855
,,-1,-1,[{packageName=com.android.cts.priv.ctsshim,,-1,-1,,20190625,856
,,-1,-1,[{packageName=com.android.cts.priv.ctsshim,,-1,-1,,20190625,857
,,-1,-1,[{packageName=com.asus.task,,-1,-1,,20190625,858
,,-1,-1,[{packageName=com.vivo.weather.provider,,-1,-1,,20190625,859
,,-1,-1,[{packageName=com.miui.gallery,,-1,-1,,20190625,860
,,-1,-1,[{packageName=com.android.cts.priv.ctsshim,,-1,-1,,20190625,861
,,-1,-1,[{packageName=com.android.cts.priv.ctsshim,,-1,-1,,20190625,862
,,-1,-1,[{packageName=com.android.cts.priv.ctsshim,,-1,-1,,20190625,863
,,-1,-1,[{packageName=com.android.cts.priv.ctsshim,,-1,-1,,20190625,864
,,-1,-1,[{packageName=com.vivo.livewallpaper.silk,,-1,-1,,20190625,865
,,-1,-1,[{packageName=com.android.cts.priv.ctsshim,,-1,-1,,20190625,866
,,-1,-1,[{packageName=com.vivo.weather.provider,,-1,-1,,20190625,867
,,-1,-1,[{packageName=com.android.cts.priv.ctsshim,,-1,-1,,20190625,868
,,-1,-1,[{packageName=com.android.cts.priv.ctsshim,,-1,-1,,20190625,869
,,-1,-1,[{packageName=com.android.cts.priv.ctsshim,,-1,-1,,20190625,870
,,-1,-1,[{packageName=com.android.cts.priv.ctsshim,,-1,-1,,20190625,871
,,-1,-1,[{packageName=com.android.cts.priv.ctsshim,,-1,-1,,20190625,872
,,-1,-1,[{packageName=com.android.cts.priv.ctsshim,,-1,-1,,20190625,873
,,-1,-1,[{packageName=com.android.fmradio,,-1,-1,,20190625,874
,,-1,-1,[{packageName=com.android.cts.priv.ctsshim,,-1,-1,,20190625,875
,,-1,-1,[{packageName=com.miui.screenrecorder,,-1,-1,,20190625,876
,,-1,-1,[{packageName=com.android.cts.priv.ctsshim,,-1,-1,,20190625,877
,,-1,-1,[{packageName=com.android.cts.priv.ctsshim,,-1,-1,,20190625,878
,,-1,-1,[{packageName=com.mediatek.gba,,-1,-1,,20190625,879
,,-1,-1,[{packageName=com.mediatek.gba,,-1,-1,,20190625,880
,,-1,-1,[{packageName=com.android.cts.priv.ctsshim,,-1,-1,,20190625,881
,,-1,-1,[{packageName=com.android.cts.priv.ctsshim,,-1,-1,,20190625,882
,,-1,-1,[{packageName=com.coloros.backuprestore,,-1,-1,,20190625,883
,,-1,-1,[{packageName=com.android.cts.priv.ctsshim,,-1,-1,,20190625,884
,,-1,-1,[{packageName=com.android.cts.priv.ctsshim,,-1,-1,,20190625,885
,,-1,-1,[{packageName=com.android.cts.priv.ctsshim,,-1,-1,,20190625,886
,,-1,-1,[{packageName=com.android.cts.priv.ctsshim,,-1,-1,,20190625,887
,,-1,-1,[{packageName=com.android.cts.priv.ctsshim,,-1,-1,,20190625,888
,,-1,-1,[{packageName=com.android.cts.priv.ctsshim,,-1,-1,,20190625,889
,,-1,-1,[{packageName=com.coloros.backuprestore,,-1,-1,,20190625,890
,,-1,-1,[{packageName=com.android.cts.priv.ctsshim,,-1,-1,,20190625,891
,,-1,-1,[{packageName=com.android.cts.priv.ctsshim,,-1,-1,,20190625,892
,,-1,-1,[{packageName=com.android.cts.priv.ctsshim,,-1,-1,,20190625,893
,,-1,-1,[{packageName=com.qualcomm.qti.modemtestmode,,-1,-1,,20190625,894
,,-1,-1,[{packageName=com.flyme.roamingpay,,-1,-1,,20190625,895
,,-1,-1,[{packageName=com.android.cts.priv.ctsshim,,-1,-1,,20190625,896
,,-1,-1,[{packageName=com.android.cts.priv.ctsshim,,-1,-1,,20190625,897
,,-1,-1,[{packageName=com.android.cts.priv.ctsshim,,-1,-1,,20190625,898
,,-1,-1,[{packageName=com.android.cts.priv.ctsshim,,-1,-1,,20190625,899
,,-1,-1,[{packageName=com.android.providers.telephony,,-1,-1,,20190625,900
,,-1,-1,[{packageName=com.android.cts.priv.ctsshim,,-1,-1,,20190625,901
,,-1,-1,[{packageName=com.android.cts.priv.ctsshim,,-1,-1,,20190625,902
,,-1,-1,[{packageName=com.android.cts.priv.ctsshim,,-1,-1,,20190625,903
,,-1,-1,[{packageName=com.android.cts.priv.ctsshim,,-1,-1,,20190625,904
,,-1,-1,[{packageName=com.coloros.backuprestore,,-1,-1,,20190625,905
,,-1,-1,[{packageName=com.vivo.securedaemonservice,,-1,-1,,20190625,906
,,-1,-1,[{packageName=com.android.fmradio,,-1,-1,,20190625,907
,,-1,-1,[{packageName=com.android.cts.priv.ctsshim,,-1,-1,,20190625,908
,,-1,-1,[{packageName=com.coloros.backuprestore,,-1,-1,,20190625,909
,,-1,-1,[{packageName=com.android.cts.priv.ctsshim,,-1,-1,,20190625,910
,,-1,-1,[{packageName=com.android.cts.priv.ctsshim,,-1,-1,,20190625,911
,,-1,-1,[{packageName=com.android.cts.priv.ctsshim,,-1,-1,,20190625,912
,,-1,-1,[{packageName=com.android.cts.priv.ctsshim,,-1,-1,,20190625,913
,,-1,-1,[{packageName=com.android.cts.priv.ctsshim,,-1,-1,,20190625,914
,,-1,-1,[{packageName=com.android.cts.priv.ctsshim,,-1,-1,,20190625,915
,,-1,-1,[{packageName=com.android.cts.priv.ctsshim,,-1,-1,,20190625,916
,,-1,-1,[{packageName=com.mediatek.gba,,-1,-1,,20190625,917
,,-1,-1,[{packageName=com.mediatek.gba,,-1,-1,,20190625,918
,,-1,-1,[{packageName=com.android.cts.priv.ctsshim,,-1,-1,,20190625,919
,,-1,-1,[{packageName=com.android.cts.priv.ctsshim,,-1,-1,,20190625,920
,,-1,-1,[{packageName=com.google.android.ext.services,,-1,-1,,20190625,921
,,-1,-1,[{packageName=com.android.cts.priv.ctsshim,,-1,-1,,20190625,922
,,-1,-1,[{packageName=com.android.cts.priv.ctsshim,,-1,-1,,20190625,923
,,-1,-1,[{packageName=com.android.cts.priv.ctsshim,,-1,-1,,20190625,924
,,-1,-1,[{packageName=com.android.cts.priv.ctsshim,,-1,-1,,20190625,925
,,-1,-1,[{packageName=com.android.cts.priv.ctsshim,,-1,-1,,20190625,926
,,-1,-1,[{packageName=com.android.cts.priv.ctsshim,,-1,-1,,20190625,927
,,-1,-1,[{packageName=com.android.defcontainer,,-1,-1,,20190625,928
,,-1,-1,[{packageName=com.android.cts.priv.ctsshim,,-1,-1,,20190625,929
,,-1,-1,[{packageName=com.android.cts.priv.ctsshim,,-1,-1,,20190625,930
,,-1,-1,[{packageName=com.android.cts.priv.ctsshim,,-1,-1,,20190625,931
,,-1,-1,[{packageName=com.miui.screenrecorder,,-1,-1,,20190625,932
,,-1,-1,[{packageName=com.android.cts.priv.ctsshim,,-1,-1,,20190625,933
,,-1,-1,[{packageName=com.android.cts.priv.ctsshim,,-1,-1,,20190625,934
,,-1,-1,[{packageName=com.android.cts.priv.ctsshim,,-1,-1,,20190625,935
,,-1,-1,[{packageName=com.android.fmradio,,-1,-1,,20190625,936
,,-1,-1,[{packageName=com.android.cts.priv.ctsshim,,-1,-1,,20190625,937
,,-1,-1,[{packageName=com.android.cts.priv.ctsshim,,-1,-1,,20190625,938
,,-1,-1,[{packageName=com.miui.screenrecorder,,-1,-1,,20190625,939
,,-1,-1,[{packageName=com.android.cts.priv.ctsshim,,-1,-1,,20190625,940
,,-1,-1,[{packageName=com.android.cts.priv.ctsshim,,-1,-1,,20190625,941
,,-1,-1,[{packageName=com.android.cts.priv.ctsshim,,-1,-1,,20190625,942
,,-1,-1,[{packageName=com.android.cts.priv.ctsshim,,-1,-1,,20190625,943
,,-1,-1,[{packageName=com.android.cts.priv.ctsshim,,-1,-1,,20190625,944
,,-1,-1,[{packageName=com.android.cts.priv.ctsshim,,-1,-1,,20190625,945
,,-1,-1,[{packageName=com.android.cts.priv.ctsshim,,-1,-1,,20190625,946
,,-1,-1,[{packageName=com.android.cts.priv.ctsshim,,-1,-1,,20190625,947
,,-1,-1,[{packageName=com.android.providers.telephony,,-1,-1,,20190625,948
,,-1,-1,[{packageName=com.android.cts.priv.ctsshim,,-1,-1,,20190625,949
,,-1,-1,[{packageName=com.flyme.roamingpay,,-1,-1,,20190625,950
,,-1,-1,[{packageName=com.mediatek.gba,,-1,-1,,20190625,951
,,-1,-1,[{packageName=com.android.cts.priv.ctsshim,,-1,-1,,20190625,952
,,-1,-1,[{packageName=com.android.cts.priv.ctsshim,,-1,-1,,20190625,953
,,-1,-1,[{packageName=com.coloros.backuprestore,,-1,-1,,20190625,954
,,-1,-1,[{packageName=com.miui.screenrecorder,,-1,-1,,20190625,955
,,-1,-1,[{packageName=com.android.cts.priv.ctsshim,,-1,-1,,20190625,956
,,-1,-1,[{packageName=com.android.cts.priv.ctsshim,,-1,-1,,20190625,957
,,-1,-1,[{packageName=gn.camera.plugin.polaroid,,-1,-1,,20190625,958
,,-1,-1,[{packageName=com.android.cts.priv.ctsshim,,-1,-1,,20190625,959
,,-1,-1,[{packageName=com.android.cts.priv.ctsshim,,-1,-1,,20190625,960
,,-1,-1,[{packageName=com.android.cts.priv.ctsshim,,-1,-1,,20190625,961
,,-1,-1,[{packageName=com.vivo.weather.provider,,-1,-1,,20190625,962
,,-1,-1,[{packageName=com.android.cts.priv.ctsshim,,-1,-1,,20190625,963
,,-1,-1,[{packageName=com.android.cts.priv.ctsshim,,-1,-1,,20190625,964
,,-1,-1,[{packageName=com.yunos.imageeditor,,-1,-1,,20190625,965
,,-1,-1,[{packageName=com.android.cts.priv.ctsshim,,-1,-1,,20190625,966
,,-1,-1,[{packageName=com.coloros.backuprestore,,-1,-1,,20190625,967
,,-1,-1,[{packageName=com.android.cts.priv.ctsshim,,-1,-1,,20190625,968
,,-1,-1,[{packageName=com.android.cts.priv.ctsshim,,-1,-1,,20190625,969
,,-1,-1,[{packageName=com.android.cts.priv.ctsshim,,-1,-1,,20190625,970
,,-1,-1,[{packageName=com.android.cts.priv.ctsshim,,-1,-1,,20190625,971
,,-1,-1,[{packageName=com.android.cts.priv.ctsshim,,-1,-1,,20190625,972
,,-1,-1,[{packageName=com.android.cts.priv.ctsshim,,-1,-1,,20190625,973
,,-1,-1,[{packageName=com.android.cts.priv.ctsshim,,-1,-1,,20190625,974
,,-1,-1,[{packageName=com.android.cts.priv.ctsshim,,-1,-1,,20190625,975
,,-1,-1,[{packageName=com.android.cts.priv.ctsshim,,-1,-1,,20190625,976
,,-1,-1,[{packageName=com.mediatek.gba,,-1,-1,,20190625,977
,,-1,-1,[{packageName=com.android.cts.priv.ctsshim,,-1,-1,,20190625,978
,,-1,-1,[{packageName=com.android.cts.priv.ctsshim,,-1,-1,,20190625,979
,,-1,-1,[{packageName=com.android.cts.priv.ctsshim,,-1,-1,,20190625,980
,,-1,-1,[{packageName=com.android.cts.priv.ctsshim,,-1,-1,,20190625,981
,,-1,-1,[{packageName=com.android.cts.priv.ctsshim,,-1,-1,,20190625,982
,,-1,-1,[{packageName=com.android.fmradio,,-1,-1,,20190625,983
,,-1,-1,[{packageName=com.android.cts.priv.ctsshim,,-1,-1,,20190625,984
,,-1,-1,[{packageName=com.android.cts.priv.ctsshim,,-1,-1,,20190625,985
,,-1,-1,[{packageName=com.android.cts.priv.ctsshim,,-1,-1,,20190625,986
,,-1,-1,[{packageName=com.vivo.weather.provider,,-1,-1,,20190625,987
,,-1,-1,[{packageName=com.android.cts.priv.ctsshim,,-1,-1,,20190625,988
,,-1,-1,[{packageName=com.android.cts.priv.ctsshim,,-1,-1,,20190625,989
,,-1,-1,[{packageName=com.android.cts.priv.ctsshim,,-1,-1,,20190625,990
,,-1,-1,[{packageName=com.android.cts.priv.ctsshim,,-1,-1,,20190625,991
,,-1,-1,[{packageName=com.android.cts.priv.ctsshim,,-1,-1,,20190625,992
,,-1,-1,[{packageName=com.mediatek.gba,,-1,-1,,20190625,993
,,-1,-1,[{packageName=com.qiku.blackmagic,,-1,-1,,20190625,994
,,-1,-1,[{packageName=com.android.cts.priv.ctsshim,,-1,-1,,20190625,995
,,-1,-1,[{packageName=com.android.cts.priv.ctsshim,,-1,-1,,20190625,996
,,-1,-1,[{packageName=com.android.cts.priv.ctsshim,,-1,-1,,20190625,997
,,-1,-1,[{packageName=com.android.defcontainer,,-1,-1,,20190625,998
,,-1,-1,[{packageName=com.android.cts.priv.ctsshim,,-1,-1,,20190625,999
,,-1,-1,[{packageName=com.android.cts.priv.ctsshim,,-1,-1,,20190625,1000
